sample_id,sampling_group
AR0047-C,ANG_1_coluzzii_2009
AR0049-C,ANG_1_coluzzii_2009
AR0051-C,ANG_1_coluzzii_2009
AR0061-C,ANG_1_coluzzii_2009
AR0078-C,ANG_1_coluzzii_2009
AR0080-C,ANG_1_coluzzii_2009
AR0084-C,ANG_1_coluzzii_2009
AR0097-C,ANG_1_coluzzii_2009
AR0072-C,ANG_1_coluzzii_2009
AR0094-C,ANG_1_coluzzii_2009
AR0095-C,ANG_1_coluzzii_2009
AR0083-C,ANG_1_coluzzii_2009
AR0093-C,ANG_1_coluzzii_2009
AR0021-C,ANG_1_coluzzii_2009
AR0082-C,ANG_1_coluzzii_2009
AR0008-C,ANG_1_coluzzii_2009
AR0085-C,ANG_1_coluzzii_2009
AR0098-C,ANG_1_coluzzii_2009
AR0092-C,ANG_1_coluzzii_2009
AR0017-C,ANG_1_coluzzii_2009
AR0015-C,ANG_1_coluzzii_2009
AR0019-C,ANG_1_coluzzii_2009
AR0100-C,ANG_1_coluzzii_2009
AR0034-C,ANG_1_coluzzii_2009
AR0086-C,ANG_1_coluzzii_2009
AR0057-C,ANG_1_coluzzii_2009
AR0076-C,ANG_1_coluzzii_2009
AR0042-C,ANG_1_coluzzii_2009
AR0063-C,ANG_1_coluzzii_2009
AR0012-C,ANG_1_coluzzii_2009
AR0087-C,ANG_1_coluzzii_2009
AR0065-C,ANG_1_coluzzii_2009
AR0038-C,ANG_1_coluzzii_2009
AR0089-C,ANG_1_coluzzii_2009
AR0071-C,ANG_1_coluzzii_2009
AR0096-C,ANG_1_coluzzii_2009
AR0088-C,ANG_1_coluzzii_2009
AR0066-C,ANG_1_coluzzii_2009
AR0023-C,ANG_1_coluzzii_2009
AR0020-C,ANG_1_coluzzii_2009
AR0024-C,ANG_1_coluzzii_2009
AR0014-C,ANG_1_coluzzii_2009
AR0079-C,ANG_1_coluzzii_2009
AR0027-C,ANG_1_coluzzii_2009
AR0075-C,ANG_1_coluzzii_2009
AR0077-C,ANG_1_coluzzii_2009
AR0007-C,ANG_1_coluzzii_2009
AR0062-C,ANG_1_coluzzii_2009
AR0060-C,ANG_1_coluzzii_2009
AR0022-C,ANG_1_coluzzii_2009
AR0002-C,ANG_1_coluzzii_2009
AR0059-C,ANG_1_coluzzii_2009
AR0048-C,ANG_1_coluzzii_2009
AR0011-C,ANG_1_coluzzii_2009
AR0009-C,ANG_1_coluzzii_2009
AR0043-C,ANG_1_coluzzii_2009
AR0035-C,ANG_1_coluzzii_2009
AR0074-C,ANG_1_coluzzii_2009
AR0045-C,ANG_1_coluzzii_2009
AR0073-C,ANG_1_coluzzii_2009
AR0004-C,ANG_1_coluzzii_2009
AR0040-C,ANG_1_coluzzii_2009
AR0052-C,ANG_1_coluzzii_2009
AR0064-C,ANG_1_coluzzii_2009
AR0044-C,ANG_1_coluzzii_2009
AR0036-C,ANG_1_coluzzii_2009
AR0001-C,ANG_1_coluzzii_2009
AR0006-C,ANG_1_coluzzii_2009
AR0046-C,ANG_1_coluzzii_2009
AR0070-Cx,ANG_1_coluzzii_2009
AR0010-Cx,ANG_1_coluzzii_2009
AR0090-Cx,ANG_1_coluzzii_2009
AR0054-Cx,ANG_1_coluzzii_2009
AR0016-Cx,ANG_1_coluzzii_2009
AR0050-Cx,ANG_1_coluzzii_2009
AR0069-Cx,ANG_1_coluzzii_2009
AR0018-Cx,ANG_1_coluzzii_2009
AR0081-Cx,ANG_1_coluzzii_2009
AR0013-Cx,ANG_1_coluzzii_2009
AR0026-C,ANG_1_coluzzii_2009
AR0053-C,ANG_1_coluzzii_2009
AB0085-Cx,BUF_1_gambiae_2012
AB0086-Cx,BUF_1_gambiae_2012
AB0162-C,BUF_1_gambiae_2012
AB0164-C,BUF_1_gambiae_2012
AB0165-C,BUF_1_gambiae_2012
AB0166-C,BUF_1_gambiae_2012
AB0167-C,BUF_1_gambiae_2012
AB0169-C,BUF_1_gambiae_2012
AB0170-C,BUF_1_gambiae_2012
AB0171-Cx,BUF_1_gambiae_2012
AB0172-Cx,BUF_1_gambiae_2012
AB0173-C,BUF_1_gambiae_2012
AB0174-C,BUF_1_gambiae_2012
AB0175-Cx,BUF_1_gambiae_2012
AB0176-Cx,BUF_1_gambiae_2012
AB0177-C,BUF_1_gambiae_2012
AB0178-C,BUF_1_gambiae_2012
AB0179-Cx,BUF_1_gambiae_2012
AB0180-Cx,BUF_1_gambiae_2012
AB0197-C,BUF_1_gambiae_2012
AB0198-C,BUF_1_gambiae_2012
AB0199-C,BUF_1_gambiae_2012
AB0200-C,BUF_1_gambiae_2012
AB0201-Cx,BUF_1_gambiae_2012
AB0202-Cx,BUF_1_gambiae_2012
AB0203-C,BUF_1_gambiae_2012
AB0204-C,BUF_1_coluzzii_2012
AB0205-C,BUF_1_gambiae_2012
AB0206-C,BUF_1_gambiae_2012
AB0255-C,BUF_1_gambiae_2012
AB0256-C,BUF_1_gambiae_2012
AB0257-C,BUF_1_coluzzii_2012
AB0258-Cx,BUF_1_coluzzii_2012
AB0259-Cx,BUF_1_coluzzii_2012
AB0260-C,BUF_1_gambiae_2012
AB0261-Cx,BUF_1_gambiae_2012
AB0262-Cx,BUF_1_coluzzii_2012
AB0263-C,BUF_1_coluzzii_2012
AB0264-C,BUF_1_gambiae_2012
AB0265-C,BUF_1_gambiae_2012
AB0266-Cx,BUF_1_coluzzii_2012
AB0267-C,BUF_1_coluzzii_2012
AB0268-C,BUF_1_gambiae_2012
AB0269-Cx,BUF_1_gambiae_2012
AB0270-C,BUF_1_gambiae_2012
AB0271-Cx,BUF_1_gambiae_2012
AB0272-Cx,BUF_1_gambiae_2012
AB0273-Cx,BUF_1_gambiae_2012
AB0274-C,BUF_1_gambiae_2012
AB0275-C,BUF_1_gambiae_2012
AB0276-C,BUF_1_coluzzii_2012
AB0277-C,BUF_1_gambiae_2012
AB0278-C,BUF_1_gambiae_2012
AB0279-C,BUF_1_coluzzii_2012
AB0280-Cx,BUF_1_gambiae_2012
AB0281-Cx,BUF_1_gambiae_2012
AB0282-Cx,BUF_1_coluzzii_2012
AB0283-C,BUF_1_gambiae_2012
AB0284-C,BUF_1_gambiae_2012
AB0457-C,
AB0458-C,BUF_1_gambiae_2014
AB0459-C,BUF_1_gambiae_2014
AB0460-C,BUF_1_gambiae_2014
AB0462-C,BUF_1_gambiae_2014
AB0463-C,BUF_1_gambiae_2014
AB0465-C,BUF_1_gambiae_2014
AB0466-C,BUF_1_gambiae_2014
AB0467-C,BUF_1_gambiae_2014
AB0468-C,BUF_1_gambiae_2014
AB0469-C,BUF_1_gambiae_2014
AB0470-C,BUF_1_gambiae_2014
AB0471-C,BUF_1_gambiae_2014
AB0472-C,BUF_1_gambiae_2014
AB0473-C,BUF_1_gambiae_2014
AB0474-C,BUF_1_gambiae_2014
AB0477-C,BUF_1_gambiae_2014
AB0502-C,
AB0087-C,BUF_1_coluzzii_2012
AB0088-C,BUF_1_coluzzii_2012
AB0089-Cx,BUF_1_coluzzii_2012
AB0090-C,BUF_1_coluzzii_2012
AB0091-C,BUF_1_coluzzii_2012
AB0092-C,BUF_1_coluzzii_2012
AB0094-Cx,BUF_1_coluzzii_2012
AB0095-Cx,BUF_1_coluzzii_2012
AB0096-C,BUF_1_gambiae_2012
AB0097-Cx,BUF_1_coluzzii_2012
AB0098-Cx,BUF_1_coluzzii_2012
AB0099-Cx,BUF_1_coluzzii_2012
AB0100-C,BUF_1_coluzzii_2012
AB0101-C,BUF_1_coluzzii_2012
AB0103-C,BUF_1_gambiae_2012
AB0104-Cx,BUF_1_gambiae_2012
AB0109-C,BUF_1_coluzzii_2012
AB0110-C,BUF_1_coluzzii_2012
AB0111-C,BUF_1_coluzzii_2012
AB0112-C,BUF_1_coluzzii_2012
AB0113-C,BUF_1_coluzzii_2012
AB0114-C,BUF_1_coluzzii_2012
AB0115-C,BUF_1_coluzzii_2012
AB0116-C,BUF_1_gambiae_2012
AB0117-C,BUF_1_gambiae_2012
AB0118-C,BUF_1_gambiae_2012
AB0119-C,BUF_1_gambiae_2012
AB0121-C,BUF_1_coluzzii_2012
AB0122-C,BUF_1_coluzzii_2012
AB0123-C,BUF_1_coluzzii_2012
AB0124-C,BUF_1_coluzzii_2012
AB0126-Cx,BUF_1_gambiae_2012
AB0127-C,BUF_1_gambiae_2012
AB0128-C,BUF_1_gambiae_2012
AB0129-C,BUF_1_gambiae_2012
AB0130-Cx,BUF_1_gambiae_2012
AB0131-Cx,BUF_1_gambiae_2012
AB0150-Cx,BUF_1_gambiae_2012
AB0151-Cx,BUF_1_gambiae_2012
AB0153-C,BUF_1_gambiae_2012
AB0155-Cx,BUF_1_gambiae_2012
AB0157-Cx,BUF_1_gambiae_2012
AB0158-Cx,BUF_1_gambiae_2012
AB0159-C,BUF_1_gambiae_2012
AB0160-Cx,BUF_1_gambiae_2012
AB0161-C,BUF_1_gambiae_2012
AB0181-C,BUF_1_coluzzii_2012
AB0182-C,BUF_1_coluzzii_2012
AB0183-C,BUF_1_coluzzii_2012
AB0184-C,BUF_1_coluzzii_2012
AB0185-Cx,BUF_1_coluzzii_2012
AB0186-C,BUF_1_coluzzii_2012
AB0187-C,BUF_1_coluzzii_2012
AB0188-C,BUF_1_coluzzii_2012
AB0189-C,BUF_1_coluzzii_2012
AB0190-C,BUF_1_coluzzii_2012
AB0191-Cx,BUF_1_coluzzii_2012
AB0192-C,BUF_1_coluzzii_2012
AB0193-C,BUF_1_coluzzii_2012
AB0194-C,BUF_1_coluzzii_2012
AB0196-C,BUF_1_coluzzii_2012
AB0209-C,BUF_1_coluzzii_2012
AB0210-C,BUF_1_coluzzii_2012
AB0211-C,BUF_1_gambiae_2012
AB0212-C,BUF_1_coluzzii_2012
AB0326-C,BUF_1_coluzzii_2014
AB0327-C,BUF_1_coluzzii_2014
AB0328-C,BUF_1_coluzzii_2014
AB0329-C,BUF_1_coluzzii_2014
AB0330-C,BUF_1_coluzzii_2014
AB0331-C,BUF_1_coluzzii_2014
AB0332-C,BUF_1_coluzzii_2014
AB0333-C,
AB0334-C,BUF_1_coluzzii_2014
AB0337-C,BUF_1_coluzzii_2014
AB0338-C,BUF_1_coluzzii_2014
AB0339-C,BUF_1_coluzzii_2014
AB0340-C,BUF_1_coluzzii_2014
AB0341-C,BUF_1_coluzzii_2014
AB0348-C,BUF_1_coluzzii_2014
AB0351-C,BUF_1_coluzzii_2014
AB0352-C,BUF_1_coluzzii_2014
AB0354-C,BUF_1_coluzzii_2014
AB0355-C,BUF_1_coluzzii_2014
AB0356-C,BUF_1_coluzzii_2014
AB0357-C,BUF_1_coluzzii_2014
AB0358-C,BUF_1_coluzzii_2014
AB0359-C,BUF_1_coluzzii_2014
AB0360-C,BUF_1_coluzzii_2014
AB0361-C,BUF_1_coluzzii_2014
AB0362-C,BUF_1_coluzzii_2014
AB0363-C,BUF_1_coluzzii_2014
AB0364-C,BUF_1_coluzzii_2014
AB0365-C,BUF_1_coluzzii_2014
AB0366-C,BUF_1_coluzzii_2014
AB0367-C,BUF_1_coluzzii_2014
AB0368-C,BUF_1_coluzzii_2014
AB0369-C,BUF_1_coluzzii_2014
AB0370-C,BUF_1_coluzzii_2014
AB0371-C,BUF_1_coluzzii_2014
AB0372-C,BUF_1_coluzzii_2014
AB0373-C,BUF_1_gambiae_2014
AB0374-C,BUF_1_gambiae_2014
AB0375-C,BUF_1_gambiae_2014
AB0378-C,BUF_1_gambiae_2014
AB0379-C,BUF_1_gambiae_2014
AB0381-C,BUF_1_gambiae_2014
AB0386-C,BUF_1_gambiae_2014
AB0388-C,BUF_1_gambiae_2014
AB0389-C,BUF_1_gambiae_2014
AB0396-C,BUF_1_coluzzii_2014
AB0397-C,BUF_1_coluzzii_2014
AB0398-C,BUF_1_coluzzii_2014
AB0399-C,BUF_1_coluzzii_2014
AB0400-C,BUF_1_coluzzii_2014
AB0403-C,BUF_1_coluzzii_2014
AB0404-C,BUF_1_coluzzii_2014
AB0409-C,BUF_1_coluzzii_2014
AB0410-C,BUF_1_coluzzii_2014
AB0411-C,BUF_1_coluzzii_2014
AB0413-C,BUF_1_coluzzii_2014
AB0432-C,BUF_1_gambiae_2014
AB0433-C,BUF_1_gambiae_2014
AB0435-C,BUF_1_gambiae_2014
AB0436-C,BUF_1_gambiae_2014
AB0439-C,BUF_1_gambiae_2014
AB0440-C,BUF_1_gambiae_2014
AB0408-C,BUF_1_coluzzii_2014
AB0132-C,BUF_1_coluzzii_2012
AB0133-C,BUF_1_gambiae_2012
AB0134-C,BUF_1_gambiae_2012
AB0135-C,BUF_1_gambiae_2012
AB0136-Cx,BUF_1_gambiae_2012
AB0137-Cx,BUF_1_coluzzii_2012
AB0138-Cx,BUF_1_coluzzii_2012
AB0139-C,BUF_1_coluzzii_2012
AB0140-C,BUF_1_coluzzii_2012
AB0142-C,BUF_1_coluzzii_2012
AB0143-Cx,BUF_1_gambiae_2012
AB0144-C,BUF_1_gambiae_2012
AB0145-C,BUF_1_gambiae_2012
AB0146-Cx,BUF_1_gambiae_2012
AB0147-C,BUF_1_gambiae_2012
AB0148-Cx,BUF_1_gambiae_2012
AB0207-C,BUF_1_gambiae_2012
AB0208-C,BUF_1_gambiae_2012
AB0213-C,BUF_1_coluzzii_2012
AB0214-C,BUF_1_coluzzii_2012
AB0215-C,BUF_1_coluzzii_2012
AB0216-C,BUF_1_coluzzii_2012
AB0217-C,BUF_1_gambiae_2012
AB0218-C,BUF_1_gambiae_2012
AB0219-Cx,BUF_1_coluzzii_2012
AB0221-C,BUF_1_coluzzii_2012
AB0222-C,BUF_1_coluzzii_2012
AB0223-C,BUF_1_coluzzii_2012
AB0224-C,BUF_1_coluzzii_2012
AB0225-C,BUF_1_gambiae_2012
AB0226-C,BUF_1_coluzzii_2012
AB0227-Cx,BUF_1_coluzzii_2012
AB0228-C,BUF_1_gambiae_2012
AB0229-C,BUF_1_coluzzii_2012
AB0230-Cx,BUF_1_coluzzii_2012
AB0231-C,BUF_1_gambiae_2012
AB0232-Cx,BUF_1_gambiae_2012
AB0233-C,BUF_1_gambiae_2012
AB0234-C,BUF_1_coluzzii_2012
AB0235-C,BUF_1_gambiae_2012
AB0236-Cx,BUF_1_gambiae_2012
AB0237-C,BUF_1_coluzzii_2012
AB0238-C,BUF_1_gambiae_2012
AB0239-C,BUF_1_gambiae_2012
AB0240-C,BUF_1_coluzzii_2012
AB0241-C,BUF_1_gambiae_2012
AB0242-C,BUF_1_coluzzii_2012
AB0243-C,BUF_1_coluzzii_2012
AB0244-C,BUF_1_gambiae_2012
AB0246-C,BUF_1_coluzzii_2012
AB0247-C,BUF_1_coluzzii_2012
AB0248-C,BUF_1_coluzzii_2012
AB0249-Cx,BUF_1_coluzzii_2012
AB0250-Cx,BUF_1_coluzzii_2012
AB0251-C,BUF_1_gambiae_2012
AB0252-C,BUF_1_gambiae_2012
AB0253-C,BUF_1_gambiae_2012
AB0503-C,BUF_1_coluzzii_2014
AB0504-C,BUF_1_gambiae_2014
AB0505-C,BUF_1_coluzzii_2014
AB0508-C,BUF_1_coluzzii_2014
AB0509-C,BUF_1_coluzzii_2014
AB0510-C,BUF_1_coluzzii_2014
AB0517-C,BUF_1_gambiae_2014
AB0523-C,BUF_1_coluzzii_2014
AB0524-C,BUF_1_gambiae_2014
AB0525-C,BUF_1_gambiae_2014
AB0526-C,BUF_1_gambiae_2014
AB0527-C,BUF_1_gambiae_2014
AB0528-C,BUF_1_gambiae_2014
AB0529-C,BUF_1_gambiae_2014
AB0530-C,BUF_1_gambiae_2014
AB0531-C,BUF_1_gambiae_2014
AB0532-C,BUF_1_gambiae_2014
AB0533-C,BUF_1_gambiae_2014
AB0536-C,BUF_1_gambiae_2014
AB0537-C,BUF_1_gambiae_2014
AB0538-C,BUF_1_gambiae_2014
AB0298-C,BUF_2_gambiae_2004
AB0299-C,BUF_2_gambiae_2004
AB0301-C,BUF_2_gambiae_2004
AB0302-C,BUF_2_gambiae_2004
AB0303-C,BUF_2_gambiae_2004
AB0309-C,BUF_2_gambiae_2004
AB0312-C,BUF_2_gambiae_2004
AB0313-C,BUF_2_gambiae_2004
AB0314-C,BUF_2_gambiae_2004
AB0315-C,BUF_2_gambiae_2004
AB0316-C,BUF_2_gambiae_2004
AB0318-C,BUF_2_gambiae_2004
AB0325-C,BUF_2_gambiae_2004
BP0009-C,DRC_1_gambiae_2015
BP0010-C,DRC_1_gambiae_2015
BP0011-C,DRC_1_gambiae_2015
BP0012-C,DRC_1_gambiae_2015
BP0013-C,DRC_1_gambiae_2015
BP0015-C,DRC_1_gambiae_2015
BP0016-C,DRC_1_gambiae_2015
BP0017-C,DRC_1_gambiae_2015
BP0018-C,DRC_1_gambiae_2015
BP0019-C,DRC_1_gambiae_2015
BP0020-C,DRC_1_gambiae_2015
BP0021-C,DRC_1_gambiae_2015
BP0022-C,DRC_1_gambiae_2015
BP0023-C,DRC_1_gambiae_2015
BP0024-C,DRC_1_gambiae_2015
BP0025-C,DRC_1_gambiae_2015
BP0026-C,DRC_1_gambiae_2015
BP0027-C,DRC_1_gambiae_2015
BP0028-C,DRC_1_gambiae_2015
BP0029-C,DRC_1_gambiae_2015
BP0030-C,DRC_1_gambiae_2015
BP0031-C,DRC_1_gambiae_2015
BP0032-C,DRC_1_gambiae_2015
BP0033-C,DRC_1_gambiae_2015
BP0034-C,DRC_1_gambiae_2015
BP0035-C,DRC_1_gambiae_2015
BP0036-C,DRC_1_gambiae_2015
BP0037-C,DRC_1_gambiae_2015
BP0038-C,DRC_1_gambiae_2015
BP0039-C,DRC_1_gambiae_2015
BP0040-C,DRC_1_gambiae_2015
BP0041-C,DRC_1_gambiae_2015
BP0042-C,DRC_1_gambiae_2015
BP0043-C,DRC_1_gambiae_2015
BP0044-C,DRC_1_gambiae_2015
BP0045-C,DRC_1_gambiae_2015
BP0046-C,DRC_1_gambiae_2015
BP0047-C,DRC_1_gambiae_2015
BP0048-C,DRC_1_gambiae_2015
BP0049-C,DRC_1_gambiae_2015
BP0050-C,DRC_1_gambiae_2015
BP0051-C,DRC_1_gambiae_2015
BP0052-C,DRC_1_gambiae_2015
BP0053-C,DRC_1_gambiae_2015
BP0054-C,DRC_1_gambiae_2015
BP0055-C,DRC_1_gambiae_2015
BP0056-C,DRC_1_gambiae_2015
BP0057-C,DRC_1_gambiae_2015
BP0058-C,DRC_1_gambiae_2015
BP0059-C,DRC_1_gambiae_2015
BP0060-C,DRC_1_gambiae_2015
BP0061-C,DRC_1_gambiae_2015
BP0062-C,DRC_1_gambiae_2015
BP0064-C,DRC_1_gambiae_2015
BP0065-C,DRC_1_gambiae_2015
BP0066-C,DRC_1_gambiae_2015
BP0067-C,DRC_1_gambiae_2015
BP0069-C,DRC_1_gambiae_2015
BP0070-C,DRC_1_gambiae_2015
BP0071-C,DRC_1_gambiae_2015
BP0072-C,DRC_1_gambiae_2015
BP0074-C,DRC_1_gambiae_2015
BP0075-C,DRC_1_gambiae_2015
BP0076-C,DRC_1_gambiae_2015
BP0077-C,DRC_1_gambiae_2015
BP0078-C,DRC_1_gambiae_2015
BP0079-C,DRC_1_gambiae_2015
BP0080-C,DRC_1_gambiae_2015
BP0081-C,DRC_1_gambiae_2015
BP0001-C,DRC_1_gambiae_2015
BP0002-C,DRC_1_gambiae_2015
BP0003-C,DRC_1_gambiae_2015
BP0004-C,DRC_1_gambiae_2015
BP0006-C,DRC_1_gambiae_2015
BP0007-C,DRC_1_gambiae_2015
BP0008-C,DRC_1_gambiae_2015
BK0001-C,
BK0002-C,
BK0003-C,
BK0005-C,
BK0006-C,
BK0007-C,
BK0008-C,
BK0009-C,CAR_1_gambiae_1994
BK0010-C,CAR_1_gambiae_1994
BK0011-C,CAR_1_gambiae_1994
BK0013-C,CAR_1_gambiae_1994
BK0014-C,CAR_1_coluzzii_1994
BK0015-C,CAR_1_coluzzii_1994
BK0016-C,CAR_1_gambiae_1994
BK0017-C,CAR_1_coluzzii_1994
BK0018-C,CAR_1_gambiae_1994
BK0019-C,CAR_1_gambiae_1994
BK0021-C,CAR_1_coluzzii_1994
BK0022-C,CAR_1_gambiae_1994
BK0023-C,CAR_1_gambiae_1994
BK0024-C,CAR_1_coluzzii_1994
BK0025-C,CAR_1_coluzzii_1994
BK0026-C,CAR_1_gambiae_1994
BK0027-C,CAR_1_gambiae_1994
BK0029-C,CAR_1_gambiae_1994
BK0030-C,CAR_1_gambiae_1994
BK0031-C,CAR_1_coluzzii_1994
BK0032-C,CAR_1_gambiae_1994
BK0033-C,CAR_1_gambiae_1994
BK0034-C,CAR_1_gambiae_1994
BK0035-C,CAR_1_coluzzii_1994
BK0037-C,CAR_1_gambiae_1994
BK0038-C,CAR_1_gambiae_1994
BK0039-C,CAR_1_gambiae_1994
BK0040-C,CAR_1_gambiae_1994
BK0041-C,CAR_1_coluzzii_1994
BK0042-C,CAR_1_coluzzii_1994
BK0043-C,CAR_1_gambiae_1994
BK0045-C,CAR_1_gambiae_1994
BK0046-C,CAR_1_gambiae_1994
BK0047-C,CAR_1_gambiae_1994
BK0048-C,CAR_1_gambiae_1994
BK0049-C,CAR_1_gambiae_1994
BK0050-C,CAR_1_gambiae_1994
BK0051-C,CAR_1_gambiae_1994
BK0053-C,CAR_1_gambiae_1994
BK0054-C,CAR_1_gambiae_1994
BK0055-C,CAR_1_gambiae_1994
BK0056-C,CAR_1_gambiae_1994
BK0057-C,CAR_1_gambiae_1994
BK0058-C,CAR_1_gambiae_1994
BK0059-C,CAR_1_gambiae_1994
BK0061-C,CAR_1_gambiae_1994
BK0062-C,CAR_1_gambiae_1994
BK0063-C,CAR_1_gambiae_1994
BK0064-C,CAR_1_gambiae_1994
BK0065-C,CAR_1_coluzzii_1994
BK0066-C,CAR_1_gambiae_1994
BK0067-C,CAR_1_coluzzii_1994
BK0069-C,CAR_1_gambiae_1994
BK0070-C,CAR_1_gambiae_1994
BK0071-C,CAR_1_gambiae_1994
BK0072-C,CAR_1_gambiae_1994
BK0074-C,CAR_1_gambiae_1994
BK0077-C,CAR_1_gambiae_1994
BK0078-C,CAR_1_gambiae_1994
BK0080-C,CAR_1_gambiae_1994
BK0081-C,CAR_1_coluzzii_1994
BK0082-C,CAR_1_gambiae_1994
BK0083-C,CAR_1_gambiae_1994
BK0085-C,CAR_1_gambiae_1994
BK0086-C,CAR_1_gambiae_1994
BK0094-CW,CAR_1_gambiae_1994
AY0072-C,CIV_1_coluzzii_2012
AY0062-C,CIV_1_coluzzii_2012
AY0055-C,CIV_1_coluzzii_2012
AY0034-C,CIV_1_coluzzii_2012
AY0078-C,CIV_1_coluzzii_2012
AY0033-C,CIV_1_coluzzii_2012
AY0064-C,CIV_1_coluzzii_2012
AY0032-C,CIV_1_coluzzii_2012
AY0067-C,CIV_1_coluzzii_2012
AY0059-C,CIV_1_coluzzii_2012
AY0027-C,CIV_1_coluzzii_2012
AY0060-C,CIV_1_coluzzii_2012
AY0061-C,CIV_1_coluzzii_2012
AY0031-C,CIV_1_coluzzii_2012
AY0091-C,CIV_1_coluzzii_2012
AY0052-C,CIV_1_coluzzii_2012
AY0021-C,CIV_1_coluzzii_2012
AY0045-C,CIV_1_coluzzii_2012
AY0068-C,CIV_1_coluzzii_2012
AY0016-C,CIV_1_coluzzii_2012
AY0039-C,CIV_1_coluzzii_2012
AY0042-C,CIV_1_coluzzii_2012
AY0088-C,CIV_1_coluzzii_2012
AY0015-C,CIV_1_coluzzii_2012
AY0020-C,CIV_1_coluzzii_2012
AY0077-C,CIV_1_coluzzii_2012
AY0049-C,CIV_1_coluzzii_2012
AY0029-C,CIV_1_coluzzii_2012
AY0040-C,CIV_1_coluzzii_2012
AY0054-C,CIV_1_coluzzii_2012
AY0046-C,CIV_1_coluzzii_2012
AY0057-C,CIV_1_coluzzii_2012
AY0025-C,CIV_1_coluzzii_2012
AY0069-C,CIV_1_coluzzii_2012
AY0070-C,CIV_1_coluzzii_2012
AY0028-C,CIV_1_coluzzii_2012
AY0073-C,CIV_1_coluzzii_2012
AY0084-C,CIV_1_coluzzii_2012
AY0075-C,CIV_1_coluzzii_2012
AY0014-C,CIV_1_coluzzii_2012
AY0092-C,CIV_1_coluzzii_2012
AY0087-C,CIV_1_coluzzii_2012
AY0044-C,CIV_1_coluzzii_2012
AY0071-C,CIV_1_coluzzii_2012
AY0090-C,CIV_1_coluzzii_2012
AY0026-C,CIV_1_coluzzii_2012
AY0050-C,CIV_1_coluzzii_2012
AY0041-C,CIV_1_coluzzii_2012
AY0085-C,CIV_1_coluzzii_2012
AY0023-C,CIV_1_coluzzii_2012
AY0038-C,CIV_1_coluzzii_2012
AY0007-C,CIV_1_coluzzii_2012
AY0018-C,CIV_1_coluzzii_2012
AY0019-C,CIV_1_coluzzii_2012
AY0086-C,CIV_1_coluzzii_2012
AY0076-C,CIV_1_coluzzii_2012
AY0079-C,CIV_1_coluzzii_2012
AY0082-C,CIV_1_coluzzii_2012
AY0006-C,CIV_1_coluzzii_2012
AY0083-C,CIV_1_coluzzii_2012
AY0063-C,CIV_1_coluzzii_2012
AY0011-C,CIV_1_coluzzii_2012
AY0012-C,CIV_1_coluzzii_2012
AY0047-C,CIV_1_coluzzii_2012
AY0010-C,CIV_1_coluzzii_2012
AY0035-C,CIV_1_coluzzii_2012
AY0074-C,CIV_1_coluzzii_2012
AY0056-C,CIV_1_coluzzii_2012
AY0089-C,CIV_1_coluzzii_2012
AY0048-C,CIV_1_coluzzii_2012
AY0053-C,CIV_1_coluzzii_2012
AY0065-C,CIV_1_coluzzii_2012
AY0066-C,CIV_1_coluzzii_2012
AY0024-C,CIV_1_coluzzii_2012
AY0080-C,CIV_1_coluzzii_2012
AY0017-C,CIV_1_coluzzii_2012
AY0043-C,CIV_1_coluzzii_2012
AY0013-C,CIV_1_coluzzii_2012
AY0036-C,CIV_1_coluzzii_2012
AY0058-C,CIV_1_coluzzii_2012
AN0007-C,CMN_6_gambiae_2009
AN0008-C,CMN_6_gambiae_2009
AN0009-C,CMN_6_gambiae_2009
AN0010-C,CMN_6_gambiae_2009
AN0011-C,CMN_6_gambiae_2009
AN0012-C,CMN_6_gambiae_2009
AN0013-C,CMN_6_gambiae_2009
AN0014-C,CMN_6_gambiae_2009
AN0015-C,CMN_6_gambiae_2009
AN0016-C,CMN_6_gambiae_2009
AN0017-Cx,CMN_6_gambiae_2009
AN0018-C,CMN_6_gambiae_2009
AN0019-C,CMN_6_gambiae_2009
AN0020-C,CMN_6_gambiae_2009
AN0021-C,CMN_6_gambiae_2009
AN0122-C,CMN_6_gambiae_2009
AN0123-Cx,CMN_6_gambiae_2009
AN0124-C,CMN_6_gambiae_2009
AN0125-Cx,CMN_6_gambiae_2009
AN0126-C,CMN_6_gambiae_2009
AN0127-Cx,CMN_6_gambiae_2009
AN0128-C,CMN_6_gambiae_2009
AN0129-C,CMN_6_gambiae_2009
AN0130-C,CMN_6_gambiae_2009
AN0131-C,CMN_6_gambiae_2009
AN0132-Cx,CMN_6_gambiae_2009
AN0133-Cx,CMN_6_gambiae_2009
AN0134-Cx,CMN_6_gambiae_2009
AN0135-Cx,CMN_6_gambiae_2009
AN0136-Cx,CMN_6_gambiae_2009
AN0137-C,CMN_6_gambiae_2009
AN0138-C,CMN_6_gambiae_2009
AN0139-C,CMN_6_gambiae_2009
AN0140-C,CMN_6_gambiae_2009
AN0141-C,CMN_6_gambiae_2009
AN0142-C,CMN_6_gambiae_2009
AN0143-C,CMN_6_gambiae_2009
AN0144-C,CMN_6_gambiae_2009
AN0146-C,CMN_6_gambiae_2009
AN0147-C,CMN_6_gambiae_2009
AN0148-C,CMN_6_gambiae_2009
AN0149-C,CMN_6_gambiae_2009
AN0151-C,CMN_6_gambiae_2009
AN0152-C,CMN_6_gambiae_2009
AN0153-C,CMN_6_gambiae_2009
AN0154-C,CMN_6_gambiae_2009
AN0155-C,CMN_6_gambiae_2009
AN0156-C,CMN_6_gambiae_2009
AN0157-Cx,CMN_6_gambiae_2009
AN0158-C,CMN_6_gambiae_2009
AN0159-Cx,CMN_6_gambiae_2009
AN0160-Cx,CMN_6_gambiae_2009
AN0162-Cx,CMN_6_gambiae_2009
AN0163-C,CMN_6_gambiae_2009
AN0164-C,CMN_6_gambiae_2009
AN0165-C,CMN_6_gambiae_2009
AN0166-C,CMN_6_gambiae_2009
AN0167-C,CMN_6_gambiae_2009
AN0168-C,CMN_6_gambiae_2009
AN0169-C,CMN_6_gambiae_2009
AN0170-C,CMN_6_gambiae_2009
AN0171-C,CMN_6_gambiae_2009
AN0172-C,CMN_6_gambiae_2009
AN0173-C,CMN_6_gambiae_2009
AN0174-Cx,CMN_6_gambiae_2009
AN0175-C,CMN_6_gambiae_2009
AN0176-C,CMN_6_gambiae_2009
AN0177-C,CMN_6_gambiae_2009
AN0178-C,CMN_6_gambiae_2009
AN0179-C,CMN_6_gambiae_2009
AN0180-C,CMN_6_gambiae_2009
AN0181-C,CMN_6_gambiae_2009
AN0182-C,CMN_6_gambiae_2009
AN0183-C,CMN_6_gambiae_2009
AN0184-C,CMN_6_gambiae_2009
AN0185-C,CMN_6_gambiae_2009
AN0186-Cx,CMN_6_gambiae_2009
AN0187-C,CMN_6_gambiae_2009
AN0188-C,CMN_6_gambiae_2009
AN0189-C,CMN_6_gambiae_2009
AN0190-C,CMN_6_gambiae_2009
AN0191-C,CMN_6_gambiae_2009
AN0192-C,CMN_6_gambiae_2009
AN0193-Cx,CMN_6_gambiae_2009
AN0194-C,CMN_6_gambiae_2009
AN0195-Cx,CMN_6_gambiae_2009
AN0196-C,CMN_6_gambiae_2009
AN0197-Cx,CMN_6_gambiae_2009
AN0198-C,CMN_6_gambiae_2009
AN0199-C,CMN_6_gambiae_2009
AN0200-C,CMN_6_gambiae_2009
AN0201-Cx,CMN_6_gambiae_2009
AN0202-Cx,CMN_6_gambiae_2009
AN0203-Cx,CMN_6_gambiae_2009
AN0204-C,CMN_6_gambiae_2009
AN0205-C,CMN_6_gambiae_2009
AN0206-C,CMN_6_gambiae_2009
AN0207-C,CMN_6_gambiae_2009
AN0208-C,CMN_6_gambiae_2009
AN0209-C,CMN_6_gambiae_2009
AN0210-Cx,CMN_6_gambiae_2009
AN0212-C,CMN_6_gambiae_2009
AN0213-C,CMN_6_gambiae_2009
AN0214-C,CMN_6_gambiae_2009
AN0215-C,CMN_6_gambiae_2009
AN0217-C,CMN_6_gambiae_2009
AN0218-C,CMN_6_gambiae_2009
AN0219-C,CMN_6_gambiae_2009
AN0220-C,CMN_6_gambiae_2009
AN0221-C,CMN_6_gambiae_2009
AN0022-C,CMN_5_gambiae_2009
AN0023-C,CMN_5_gambiae_2009
AN0024-C,CMN_5_gambiae_2009
AN0025-Cx,CMN_5_gambiae_2009
AN0026-Cx,CMN_5_gambiae_2009
AN0027-C,CMN_5_gambiae_2009
AN0028-C,CMN_5_gambiae_2009
AN0029-C,CMN_5_gambiae_2009
AN0030-C,CMN_5_gambiae_2009
AN0031-C,CMN_5_gambiae_2009
AN0032-C,CMN_5_gambiae_2009
AN0033-C,CMN_5_gambiae_2009
AN0034-C,CMN_5_gambiae_2009
AN0035-C,CMN_5_gambiae_2009
AN0036-C,CMN_5_gambiae_2009
AN0037-C,CMN_5_gambiae_2009
AN0038-C,CMN_5_gambiae_2009
AN0039-C,CMN_5_gambiae_2009
AN0040-C,CMN_5_gambiae_2009
AN0041-C,CMN_5_gambiae_2009
AN0042-C,CMN_5_gambiae_2009
AN0043-C,CMN_5_gambiae_2009
AN0044-C,CMN_5_gambiae_2009
AN0045-C,CMN_5_gambiae_2009
AN0046-C,CMN_5_gambiae_2009
AN0047-C,CMN_5_gambiae_2009
AN0048-C,CMN_5_gambiae_2009
AN0049-C,CMN_5_gambiae_2009
AN0050-C,CMN_5_gambiae_2009
AN0051-C,CMN_5_gambiae_2009
AN0053-C,CMN_5_gambiae_2009
AN0054-C,CMN_5_gambiae_2009
AN0055-C,CMN_5_gambiae_2009
AN0056-C,CMN_5_gambiae_2009
AN0057-C,CMN_5_gambiae_2009
AN0058-C,CMN_5_gambiae_2009
AN0059-C,CMN_5_gambiae_2009
AN0060-C,CMN_5_gambiae_2009
AN0085-C,CMN_5_gambiae_2009
AN0086-C,CMN_5_gambiae_2009
AN0087-C,CMN_5_gambiae_2009
AN0088-C,CMN_5_gambiae_2009
AN0089-C,CMN_5_gambiae_2009
AN0090-C,CMN_5_gambiae_2009
AN0091-C,CMN_5_gambiae_2009
AN0092-C,CMN_5_gambiae_2009
AN0093-C,CMN_5_gambiae_2009
AN0094-C,CMN_5_gambiae_2009
AN0095-C,CMN_5_gambiae_2009
AN0096-C,CMN_5_gambiae_2009
AN0097-C,CMN_5_gambiae_2009
AN0098-C,CMN_5_gambiae_2009
AN0099-C,CMN_5_gambiae_2009
AN0100-C,CMN_5_gambiae_2009
AN0101-Cx,CMN_5_gambiae_2009
AN0102-C,CMN_5_gambiae_2009
AN0103-C,CMN_5_gambiae_2009
AN0104-C,CMN_5_gambiae_2009
AN0105-C,CMN_5_gambiae_2009
AN0106-C,CMN_5_gambiae_2009
AN0107-C,CMN_5_gambiae_2009
AN0108-C,CMN_5_gambiae_2009
AN0109-C,CMN_5_gambiae_2009
AN0111-C,CMN_5_gambiae_2009
AN0112-Cx,CMN_5_gambiae_2009
AN0113-C,CMN_5_gambiae_2009
AN0114-C,CMN_5_gambiae_2009
AN0115-C,CMN_5_gambiae_2009
AN0117-C,CMN_5_gambiae_2009
AN0118-Cx,CMN_5_gambiae_2009
AN0119-C,CMN_5_gambiae_2009
AN0120-C,CMN_5_gambiae_2009
AN0121-Cx,CMN_5_gambiae_2009
AN0061-Cx,CMN_5_gambiae_2009
AN0062-C,CMN_5_gambiae_2009
AN0063-Cx,CMN_5_gambiae_2009
AN0064-C,CMN_5_gambiae_2009
AN0065-Cx,CMN_5_gambiae_2009
AN0066-C,CMN_5_gambiae_2009
AN0067-Cx,CMN_5_gambiae_2009
AN0068-Cx,CMN_5_gambiae_2009
AN0069-C,CMN_5_gambiae_2009
AN0070-C,CMN_5_gambiae_2009
AN0071-C,CMN_5_gambiae_2009
AN0072-Cx,CMN_5_gambiae_2009
AN0073-C,CMN_5_gambiae_2009
AN0074-C,CMN_5_gambiae_2009
AN0075-Cx,CMN_5_gambiae_2009
AN0076-C,CMN_5_gambiae_2009
AN0077-C,CMN_5_gambiae_2009
AN0078-C,CMN_5_gambiae_2009
AN0079-C,CMN_5_gambiae_2009
AN0080-C,CMN_5_gambiae_2009
AN0081-C,CMN_5_gambiae_2009
AN0082-C,CMN_5_gambiae_2009
AN0083-C,CMN_5_gambiae_2009
AN0084-C,CMN_5_gambiae_2009
AN0222-Cx,CMN_7_gambiae_2009
AN0223-C,CMN_7_gambiae_2009
AN0224-Cx,CMN_7_gambiae_2009
AN0225-Cx,CMN_7_gambiae_2009
AN0226-Cx,CMN_7_gambiae_2009
AN0227-Cx,CMN_7_gambiae_2009
AN0228-C,CMN_7_gambiae_2009
AN0229-Cx,CMN_7_gambiae_2009
AN0230-Cx,CMN_7_gambiae_2009
AN0231-Cx,CMN_7_gambiae_2009
AN0232-C,CMN_7_gambiae_2009
AN0233-C,CMN_7_gambiae_2009
AN0234-C,CMN_7_gambiae_2009
AN0235-C,CMN_7_gambiae_2009
AN0236-Cx,CMN_7_gambiae_2009
AN0237-Cx,CMN_7_gambiae_2009
AN0238-C,CMN_7_gambiae_2009
AN0239-C,CMN_7_gambiae_2009
AN0240-C,CMN_7_gambiae_2009
AN0241-C,CMN_7_gambiae_2009
AN0242-C,CMN_7_gambiae_2009
AN0243-C,CMN_7_gambiae_2009
AN0244-C,CMN_7_gambiae_2009
AN0245-C,CMN_7_gambiae_2009
AN0246-C,CMN_7_gambiae_2009
AN0247-C,CMN_7_gambiae_2009
AN0248-C,CMN_7_gambiae_2009
AN0250-C,CMN_7_gambiae_2009
AN0251-C,CMN_7_gambiae_2009
AN0252-C,CMN_7_gambiae_2009
AN0253-C,CMN_7_gambiae_2009
AN0254-C,CMN_7_gambiae_2009
AN0255-C,CMN_7_gambiae_2009
AN0256-C,CMN_7_gambiae_2009
AN0258-C,CMN_7_gambiae_2009
AN0259-Cx,CMN_7_gambiae_2009
AN0260-C,CMN_7_gambiae_2009
AN0261-Cx,CMN_7_gambiae_2009
AN0262-C,CMN_7_gambiae_2009
AN0263-Cx,CMN_7_gambiae_2009
AN0264-C,CMN_7_gambiae_2009
AN0265-C,CMN_7_gambiae_2009
AN0266-C,CMN_7_gambiae_2009
AN0267-Cx,CMN_7_gambiae_2009
AN0268-C,CMN_7_gambiae_2009
AN0269-C,CMN_7_gambiae_2009
AN0270-C,CMN_7_gambiae_2009
AN0271-C,CMN_7_gambiae_2009
AN0272-C,CMN_7_gambiae_2009
AN0275-C,CMN_7_gambiae_2009
AN0276-C,CMN_7_gambiae_2009
AN0277-C,CMN_7_gambiae_2009
AN0278-C,CMN_7_gambiae_2009
AN0279-C,CMN_7_gambiae_2009
AN0280-C,CMN_7_gambiae_2009
AN0281-C,CMN_7_gambiae_2009
AN0282-Cx,CMN_7_gambiae_2009
AN0283-Cx,CMN_7_gambiae_2009
AN0284-Cx,CMN_7_gambiae_2009
AN0285-C,CMN_7_gambiae_2009
AN0286-Cx,CMN_7_gambiae_2009
AN0287-Cx,CMN_7_gambiae_2009
AN0288-Cx,CMN_7_gambiae_2009
AN0289-C,CMN_7_gambiae_2009
AN0290-Cx,CMN_7_gambiae_2009
AN0291-Cx,CMN_7_gambiae_2009
AN0292-C,CMN_7_gambiae_2009
AN0293-Cx,CMN_7_gambiae_2009
AN0294-C,CMN_7_gambiae_2009
AN0295-C,CMN_7_gambiae_2009
AN0296-Cx,CMN_7_gambiae_2009
AN0297-C,CMN_7_gambiae_2009
AN0298-Cx,CMN_7_gambiae_2009
AN0299-C,CMN_7_gambiae_2009
AN0300-C,CMN_7_gambiae_2009
AN0301-Cx,CMN_7_gambiae_2009
AN0302-C,CMN_7_gambiae_2009
AN0303-C,CMN_7_gambiae_2009
AN0304-C,CMN_7_gambiae_2009
AN0305-C,CMN_7_gambiae_2009
AN0306-C,CMN_7_gambiae_2009
AN0307-C,CMN_7_gambiae_2009
AN0308-C,CMN_7_gambiae_2009
AN0309-Cx,CMN_7_gambiae_2009
AN0310-C,CMN_7_gambiae_2009
AN0311-C,CMN_7_gambiae_2009
AN0312-C,CMN_7_gambiae_2009
AN0313-C,CMN_7_gambiae_2009
AN0314-C,CMN_7_gambiae_2009
AN0315-C,CMN_7_gambiae_2009
AN0316-C,CMN_7_gambiae_2009
AN0317-C,CMN_7_gambiae_2009
AN0318-C,CMN_7_gambiae_2009
AN0319-C,CMN_7_gambiae_2009
AN0320-C,CMN_7_gambiae_2009
AN0321-C,CMN_7_gambiae_2009
AB0293-C,CMN_1_gambiae_2005
AB0294-C,CMN_1_gambiae_2005
AB0295-C,CMN_1_gambiae_2005
VBS02003-4431STDY6672871,CMN_1_gambiae_2005
AB0297-C,CMN_1_gambiae_2005
AN0418-C,
AN0419-C,CMN_1_gambiae_2005
AN0460-C,
AN0421-C,CMN_1_gambiae_2005
AN0466-C,CMN_1_gambiae_2005
AN0423-C,CMN_1_gambiae_2005
AN0468-C,CMN_1_gambiae_2005
AN0469-C,CMN_1_gambiae_2005
AN0424-C,CMN_3_gambiae_2005
AN0470-C,CMN_3_gambiae_2005
AN0471-C,CMN_3_gambiae_2005
AN0425-C,CMN_3_gambiae_2005
AN0426-C,CMN_3_gambiae_2005
AN0427-C,CMN_3_gambiae_2005
AN0428-C,CMN_3_gambiae_2005
AN0453-C,CMN_3_gambiae_2005
AN0474-C,CMN_3_gambiae_2005
AN0430-C,CMN_3_gambiae_2005
VBS02005-4431STDY6672873,CMN_3_gambiae_2005
AN0431-C,CMN_3_gambiae_2005
AN0475-C,CMN_3_gambiae_2005
AN0433-C,
AN0448-C,
AN0449-C,
AN0451-C,
AN0434-C,
AN0435-C,
AN0436-C,
AN0437-C,
AN0438-C,
AN0440-C,
AN0442-C,
AN0443-C,
AN0444-C,
AN0445-C,
AN0454-C,CMN_1_gambiae_2005
AN0455-C,CMN_1_gambiae_2005
AN0457-C,CMN_1_gambiae_2005
AN0458-C,CMN_1_gambiae_2005
AN0476-C,
AN0477-C,
AN0478-C,
VBS02008-4431STDY6672876,
AN0479-C,
AN0480-C,
VBS02009-4431STDY6672877,
AN0485-C,
AN0486-C,
AN0487-C,
AN0488-C,
AN0492-C,
AN0493-C,
VBS02039-4431STDY6672907,
VBS02040-4431STDY6672908,
VBS02041-4431STDY6672909,
VBS02042-4431STDY6672910,
VBS02043-4431STDY6672911,
VBS02044-4431STDY6672912,
VBS02045-4431STDY6672913,
VBS02046-4431STDY6672914,
VBS02047-4431STDY6672915,
VBS02048-4431STDY6672916,
VBS02004-4431STDY6672872,CMN_1_gambiae_2005
VBS02006-4431STDY6672874,
VBS02007-4431STDY6672875,
VBS02010-4431STDY6672878,
VBS02011-4431STDY6672879,
VBS02012-4431STDY6672880,
VBS02014-4431STDY6672882,
VBS02015-4431STDY6672883,
VBS02016-4431STDY6672884,
VBS02017-4431STDY6672885,
VBS02018-4431STDY6672886,
VBS02020-4431STDY6672888,
VBS02021-4431STDY6672889,
VBS02022-4431STDY6672890,
VBS02023-4431STDY6672891,
VBS02024-4431STDY6672892,
VBS02025-4431STDY6672893,
VBS02026-4431STDY6672894,
VBS02027-4431STDY6672895,
VBS02028-4431STDY6672896,
VBS02029-4431STDY6672897,
VBS02030-4431STDY6672898,
VBS02031-4431STDY6672899,
VBS02032-4431STDY6672900,
VBS02033-4431STDY6672901,
VBS02034-4431STDY6672902,
VBS02035-4431STDY6672903,
VBS02036-4431STDY6672904,
VBS02037-4431STDY6672905,
VBS02038-4431STDY6672906,
AN0348-C,CMN_2_coluzzii_2013
AN0402-C,CMN_2_coluzzii_2013
AN0408-C,
AN0626-CW,
AN0398-CW,
AN0621-CW,CMN_2_coluzzii_2013
AN0405-CW,
AN0622-CW,CMN_2_coluzzii_2013
AN0623-CW,CMN_2_coluzzii_2013
AN0624-CW,
AN0325-C,
AN0326-C,
AN0379-C,
AN0332-C,
AN0344-C,CMN_2_coluzzii_2013
AN0601-CW,CMN_2_coluzzii_2013
AN0616-CW,CMN_2_coluzzii_2013
AN0619-CW,CMN_2_coluzzii_2013
AN0603-CW,CMN_2_coluzzii_2013
AN0604-CW,CMN_2_coluzzii_2013
AN0607-CW,CMN_2_coluzzii_2013
AN0341-C,
AN0338-C,
AN0544-CW,
AN0585-CW,CMN_4_gambiae_2013
AN0577-CW,CMN_4_gambiae_2013
AN0586-CW,CMN_4_gambiae_2013
AN0578-CW,CMN_4_gambiae_2013
AN0587-CW,CMN_4_gambiae_2013
AN0579-CW,CMN_4_gambiae_2013
AN0580-CW,CMN_4_gambiae_2013
AN0581-CW,CMN_4_gambiae_2013
AN0582-CW,CMN_4_gambiae_2013
AN0500-CW,CMN_4_gambiae_2013
AN0503-CW,CMN_4_gambiae_2013
AN0588-CW,
AN0643-CW,
AN0590-CW,
AN0511-CW,
AN0574-CW,
AN0633-CW,
AN0634-CW,
AN0495-CW,
AN0499-CW,CMN_4_gambiae_2013
AP0007-C,MAY_1_gambiae_2011
AP0021-C,MAY_1_gambiae_2011
AP0022-C,MAY_1_gambiae_2011
AP0033-C,MAY_1_gambiae_2011
AP0019-C,MAY_1_gambiae_2011
AP0020-C,MAY_1_gambiae_2011
AP0031-C,MAY_1_gambiae_2011
AP0032-C,MAY_1_gambiae_2011
AP0006-C,MAY_1_gambiae_2011
AP0023-C,MAY_1_gambiae_2011
AP0017-Cx,MAY_1_gambiae_2011
AP0009-C,MAY_1_gambiae_2011
AP0002-C,MAY_1_gambiae_2011
AP0008-C,MAY_1_gambiae_2011
AP0011-C,MAY_1_gambiae_2011
AP0010-C,MAY_1_gambiae_2011
AP0013-Cx,MAY_1_gambiae_2011
AP0034-C,MAY_1_gambiae_2011
AP0035-C,MAY_1_gambiae_2011
AP0025-C,MAY_1_gambiae_2011
AP0030-C,MAY_1_gambiae_2011
AP0014-Cx,MAY_1_gambiae_2011
AP0005-C,MAY_1_gambiae_2011
AS0001-C,GAB_1_gambiae_2000
AS0002-Cx,GAB_1_gambiae_2000
AS0003-C,GAB_1_gambiae_2000
AS0004-C,GAB_1_gambiae_2000
AS0005-C,GAB_1_gambiae_2000
AS0006-C,GAB_1_gambiae_2000
AS0007-C,GAB_1_gambiae_2000
AS0008-Cx,GAB_1_gambiae_2000
AS0009-C,GAB_1_gambiae_2000
AS0010-C,GAB_1_gambiae_2000
AS0011-C,GAB_1_gambiae_2000
AS0012-C,GAB_1_gambiae_2000
AS0013-C,GAB_1_gambiae_2000
AS0014-Cx,GAB_1_gambiae_2000
AS0015-Cx,GAB_1_gambiae_2000
AS0016-C,GAB_1_gambiae_2000
AS0017-C,GAB_1_gambiae_2000
AS0018-C,GAB_1_gambiae_2000
AS0019-Cx,GAB_1_gambiae_2000
AS0020-C,GAB_1_gambiae_2000
AS0021-C,GAB_1_gambiae_2000
AS0022-C,GAB_1_gambiae_2000
AS0023-Cx,GAB_1_gambiae_2000
AS0024-Cx,GAB_1_gambiae_2000
AS0026-C,GAB_1_gambiae_2000
AS0027-Cx,GAB_1_gambiae_2000
AS0028-C,GAB_1_gambiae_2000
AS0029-C,GAB_1_gambiae_2000
AS0030-C,GAB_1_gambiae_2000
AS0032-C,GAB_1_gambiae_2000
AS0033-C,GAB_1_gambiae_2000
AS0034-C,GAB_1_gambiae_2000
AS0035-Cx,GAB_1_gambiae_2000
AS0036-C,GAB_1_gambiae_2000
AS0037-C,GAB_1_gambiae_2000
AS0039-C,GAB_1_gambiae_2000
AS0040-C,GAB_1_gambiae_2000
AS0041-C,GAB_1_gambiae_2000
AS0042-C,GAB_1_gambiae_2000
AS0044-Cx,GAB_1_gambiae_2000
AS0045-Cx,GAB_1_gambiae_2000
AS0046-C,GAB_1_gambiae_2000
AS0047-C,GAB_1_gambiae_2000
AS0048-C,GAB_1_gambiae_2000
AS0049-C,GAB_1_gambiae_2000
AS0051-C,GAB_1_gambiae_2000
AS0052-C,GAB_1_gambiae_2000
AS0053-C,GAB_1_gambiae_2000
AS0054-C,GAB_1_gambiae_2000
AS0055-C,GAB_1_gambiae_2000
AS0056-C,GAB_1_gambiae_2000
AS0057-C,GAB_1_gambiae_2000
AS0058-Cx,GAB_1_gambiae_2000
AS0059-C,GAB_1_gambiae_2000
AS0060-C,GAB_1_gambiae_2000
AS0062-C,GAB_1_gambiae_2000
AS0064-C,GAB_1_gambiae_2000
AS0065-C,GAB_1_gambiae_2000
AS0066-C,GAB_1_gambiae_2000
AS0068-C,GAB_1_gambiae_2000
AS0069-C,GAB_1_gambiae_2000
AS0070-C,GAB_1_gambiae_2000
AS0071-C,GAB_1_gambiae_2000
AS0072-Cx,GAB_1_gambiae_2000
AS0073-C,GAB_1_gambiae_2000
AS0074-C,GAB_1_gambiae_2000
AS0076-C,GAB_1_gambiae_2000
AS0077-C,GAB_1_gambiae_2000
AS0078-C,GAB_1_gambiae_2000
AA0052-C,GHA_2_coluzzii_2012
AA0063-C,GHA_2_coluzzii_2012
AA0040-C,GHA_2_coluzzii_2012
AA0064-C,GHA_2_coluzzii_2012
AA0088-C,GHA_2_coluzzii_2012
AA0100-C,GHA_2_coluzzii_2012
AA0077-C,GHA_2_coluzzii_2012
AA0051-C,GHA_2_coluzzii_2012
AA0087-C,GHA_2_coluzzii_2012
AA0065-C,GHA_2_coluzzii_2012
AA0125-C,GHA_2_coluzzii_2012
AA0112-C,GHA_2_coluzzii_2012
AA0089-C,GHA_2_coluzzii_2012
AA0101-C,GHA_2_coluzzii_2012
AA0113-C,GHA_2_coluzzii_2012
AA0075-C,GHA_2_coluzzii_2012
AA0041-C,GHA_2_coluzzii_2012
AA0123-C,GHA_2_coluzzii_2012
AA0039-C,GHA_2_coluzzii_2012
AA0076-C,GHA_2_coluzzii_2012
AA0099-C,GHA_2_coluzzii_2012
AA0111-C,GHA_2_coluzzii_2012
AA0053-C,GHA_2_coluzzii_2012
AA0135-C,GHA_2_coluzzii_2012
AA0124-C,GHA_2_coluzzii_2012
AA0103-C,GHA_3_coluzzii_2012
AA0115-C,GHA_3_coluzzii_2012
AA0055-C,GHA_3_coluzzii_2012
AA0116-C,GHA_3_coluzzii_2012
AA0066-C,GHA_3_coluzzii_2012
AA0104-C,GHA_3_coluzzii_2012
AA0044-C,GHA_3_coluzzii_2012
AA0042-C,GHA_3_coluzzii_2012
AA0114-C,GHA_3_coluzzii_2012
AA0126-C,GHA_3_coluzzii_2012
AA0054-C,GHA_3_coluzzii_2012
AA0128-C,GHA_3_coluzzii_2012
AA0092-C,GHA_3_coluzzii_2012
AA0043-C,GHA_3_coluzzii_2012
AA0127-C,GHA_3_coluzzii_2012
AA0090-C,GHA_3_coluzzii_2012
AA0067-C,GHA_3_coluzzii_2012
AA0102-C,GHA_3_coluzzii_2012
AA0056-C,GHA_3_coluzzii_2012
AA0068-C,GHA_3_coluzzii_2012
AA0091-C,GHA_3_coluzzii_2012
AA0079-C,GHA_3_coluzzii_2012
AA0080-C,GHA_3_coluzzii_2012
AA0136-C,GHA_3_coluzzii_2012
AA0050-C,GHA_1_gambiae_2012
AA0134-C,GHA_1_coluzzii_2012
AA0084-C,GHA_1_gambiae_2012
AA0060-C,GHA_1_gambiae_2012
AA0061-C,GHA_1_gambiae_2012
AA0098-C,GHA_1_coluzzii_2012
AA0097-C,GHA_1_coluzzii_2012
AA0141-C,GHA_1_coluzzii_2012
AA0120-C,GHA_1_coluzzii_2012
AA0049-C,GHA_1_coluzzii_2012
AA0133-C,GHA_1_gambiae_2012
AA0110-C,GHA_1_coluzzii_2012
AA0096-C,GHA_1_gambiae_2012
AA0132-C,GHA_1_coluzzii_2012
AA0085-C,GHA_1_gambiae_2012
AA0048-C,GHA_1_gambiae_2012
AA0073-C,GHA_1_coluzzii_2012
AA0062-C,GHA_1_gambiae_2012
AA0074-C,GHA_1_coluzzii_2012
AA0138-C,GHA_1_coluzzii_2012
AA0109-C,GHA_1_coluzzii_2012
AA0122-C,GHA_1_gambiae_2012
AA0140-C,GHA_1_coluzzii_2012
AA0086-C,GHA_1_gambiae_2012
AA0139-C,GHA_1_coluzzii_2012
AA0072-C,GHA_1_gambiae_2012
AA0108-C,GHA_1_gambiae_2012
AA0059-C,GHA_1_gambiae_2012
AA0106-C,GHA_1_gambiae_2012
AA0107-C,GHA_1_coluzzii_2012
AA0119-C,GHA_1_gambiae_2012
AA0105-C,GHA_1_gambiae_2012
AA0070-C,GHA_1_gambiae_2012
AA0093-C,GHA_1_gambiae_2012
AA0129-C,GHA_1_gambiae_2012
AA0094-C,GHA_1_gambiae_2012
AA0118-C,GHA_1_gambiae_2012
AA0071-C,GHA_1_gambiae_2012
AA0047-C,GHA_1_gambiae_2012
AA0046-C,GHA_1_gambiae_2012
AA0095-C,GHA_1_gambiae_2012
AA0069-C,GHA_1_gambiae_2012
AA0117-C,GHA_1_gambiae_2012
AA0131-C,GHA_1_gambiae_2012
AA0130-C,GHA_1_gambiae_2012
AA0058-C,GHA_1_gambiae_2012
AA0081-C,GHA_1_gambiae_2012
AA0082-C,GHA_1_gambiae_2012
AA0137-C,GHA_1_gambiae_2012
AA0057-C,GHA_1_gambiae_2012
AA0045-C,GHA_1_gambiae_2012
AG0147-C,GAM_1_intermediate_2011
AG0159-C,GAM_1_intermediate_2011
AG0232-C,GAM_1_intermediate_2011
AG0129-C,GAM_1_intermediate_2011
AG0153-C,GAM_1_intermediate_2011
AG0163-C,GAM_1_intermediate_2011
AG0200-C,
AG0209-C,
AG0229-C,GAM_1_intermediate_2011
AG0230-C,GAM_1_intermediate_2011
AG0098-C,GAM_1_intermediate_2011
AG0104-C,GAM_1_intermediate_2011
AG0106-C,GAM_1_intermediate_2011
AG0120-C,GAM_1_intermediate_2011
AG0136-C,GAM_1_intermediate_2011
AG0141-C,GAM_1_intermediate_2011
AG0145-C,GAM_1_intermediate_2011
AG0148-C,GAM_1_intermediate_2011
AG0172-C,GAM_1_intermediate_2011
AG0179-C,GAM_1_intermediate_2011
AG0223-C,GAM_1_intermediate_2011
AG0118-C,GAM_1_intermediate_2011
AG0119-C,GAM_1_intermediate_2011
AG0121-C,GAM_1_intermediate_2011
AG0133-C,GAM_1_intermediate_2011
AG0134-C,GAM_1_intermediate_2011
AG0138-C,GAM_1_intermediate_2011
AG0227-C,GAM_1_intermediate_2011
AG0231-C,GAM_1_intermediate_2011
AG0102-C,GAM_1_intermediate_2011
AG0108-C,GAM_1_intermediate_2011
AG0123-C,GAM_1_intermediate_2011
AG0128-C,GAM_1_intermediate_2011
AG0137-C,GAM_1_intermediate_2011
AG0139-C,GAM_1_intermediate_2011
AG0143-C,GAM_1_intermediate_2011
AG0162-C,GAM_1_intermediate_2011
AG0170-C,GAM_1_intermediate_2011
AG0181-C,GAM_1_intermediate_2011
AG0085-C,GAM_1_intermediate_2011
AG0096-C,GAM_1_intermediate_2011
AG0126-C,GAM_1_intermediate_2011
AG0152-C,GAM_1_intermediate_2011
AG0183-C,GAM_1_intermediate_2011
AG0208-C,GAM_1_intermediate_2011
AG0214-C,GAM_1_intermediate_2011
AG0226-C,GAM_1_intermediate_2011
AG0127-C,GAM_1_intermediate_2011
AG0130-C,
AG0135-C,
AG0144-C,GAM_1_intermediate_2011
AG0156-C,GAM_1_intermediate_2011
AG0206-C,GAM_1_intermediate_2011
AG0221-C,GAM_1_intermediate_2011
AG0234-C,
AG0082-C,GAM_1_intermediate_2011
AG0097-C,GAM_1_intermediate_2011
AG0100-C,GAM_1_intermediate_2011
AG0109-C,GAM_1_intermediate_2011
AG0124-C,GAM_1_intermediate_2011
AG0142-C,GAM_1_intermediate_2011
AG0146-C,GAM_1_intermediate_2011
AG0169-C,GAM_1_intermediate_2011
AG0178-C,GAM_1_intermediate_2011
AG0195-C,GAM_1_intermediate_2011
AG0089-C,GAM_1_intermediate_2011
AG0111-C,GAM_1_intermediate_2011
AG0125-C,GAM_1_intermediate_2011
AG0197-C,GAM_1_intermediate_2011
AG0202-C,GAM_1_intermediate_2011
AG0203-C,GAM_1_intermediate_2011
AG0204-C,GAM_1_intermediate_2011
AG0225-C,
AG0263-C,GAM_1_intermediate_2011
AG0382-CW,GAM_1_coluzzii_2012
AG0383-CW,GAM_1_coluzzii_2012
AG0386-CW,GAM_1_coluzzii_2012
AG0390-CW,GAM_1_coluzzii_2012
AG0394-CW,GAM_1_coluzzii_2012
AG0395-CW,GAM_1_coluzzii_2012
AG0396-CW,GAM_1_coluzzii_2012
AG0403-CW,GAM_1_coluzzii_2012
AG0404-CW,GAM_1_coluzzii_2012
AG0405-CW,GAM_1_coluzzii_2012
AG0406-CW,GAM_1_coluzzii_2012
AG0410-CW,GAM_1_coluzzii_2012
AG0411-CW,GAM_1_coluzzii_2012
AG0412-CW,GAM_1_coluzzii_2012
AG0415-CW,GAM_1_coluzzii_2012
AG0416-CW,GAM_1_coluzzii_2012
AG0418-CW,GAM_1_coluzzii_2012
AG0420-CW,GAM_1_coluzzii_2012
AG0422-CW,GAM_1_coluzzii_2012
AG0423-CW,GAM_1_coluzzii_2012
AG0442-CW,
AG0443-CW,GAM_1_coluzzii_2012
AG0445-CW,
AG0446-CW,
AG0448-CW,
AG0450-CW,
AG0451-CW,GAM_1_coluzzii_2012
AG0454-CW,
AG0455-CW,
AG0456-CW,
AG0460-CW,
AG0001-C,GAM_2_coluzzii_2012
AG0003-C,GAM_2_coluzzii_2012
AG0004-C,GAM_2_coluzzii_2012
AG0006-C,GAM_2_coluzzii_2012
AG0010-C,GAM_2_coluzzii_2012
AG0045-C,GAM_2_coluzzii_2012
AG0047-C,GAM_2_coluzzii_2012
AG0052-C,GAM_2_coluzzii_2012
AG0055-C,GAM_2_coluzzii_2012
AG0056-C,GAM_2_coluzzii_2012
AG0058-C,
AG0061-C,GAM_2_coluzzii_2012
AG0002-C,GAM_2_coluzzii_2012
AG0005-C,GAM_2_coluzzii_2012
AG0014-C,GAM_2_coluzzii_2012
AG0015-C,GAM_2_coluzzii_2012
AG0018-C,GAM_2_coluzzii_2012
AG0019-C,GAM_2_coluzzii_2012
AG0024-C,GAM_2_coluzzii_2012
AG0028-C,GAM_2_coluzzii_2012
AG0049-C,GAM_2_coluzzii_2012
AG0051-C,GAM_2_coluzzii_2012
AG0064-C,GAM_2_coluzzii_2012
AG0009-C,GAM_2_coluzzii_2012
AG0035-C,GAM_2_coluzzii_2012
AG0037-C,GAM_2_coluzzii_2012
AG0038-C,GAM_2_coluzzii_2012
AG0039-C,GAM_2_coluzzii_2012
AG0043-C,GAM_2_coluzzii_2012
AG0068-C,GAM_2_coluzzii_2012
AG0071-C,GAM_2_coluzzii_2012
AG0072-C,GAM_2_coluzzii_2012
AG0074-C,
AG0075-C,GAM_2_coluzzii_2012
AG0077-C,GAM_2_coluzzii_2012
AG0007-C,GAM_2_coluzzii_2012
AG0012-C,GAM_2_coluzzii_2012
AG0013-C,GAM_2_coluzzii_2012
AG0016-C,GAM_2_coluzzii_2012
AG0029-C,GAM_2_coluzzii_2012
AG0031-C,GAM_2_coluzzii_2012
AG0044-C,GAM_2_coluzzii_2012
AG0054-C,GAM_2_coluzzii_2012
AG0060-C,GAM_2_coluzzii_2012
AG0063-C,GAM_2_coluzzii_2012
AG0065-C,GAM_2_coluzzii_2012
AG0069-C,GAM_2_coluzzii_2012
AG0011-C,GAM_2_coluzzii_2012
AG0020-C,GAM_2_coluzzii_2012
AG0022-C,GAM_2_coluzzii_2012
AG0023-C,GAM_2_coluzzii_2012
AG0025-C,GAM_2_coluzzii_2012
AG0027-C,GAM_2_coluzzii_2012
AG0032-C,GAM_2_coluzzii_2012
AG0048-C,GAM_2_coluzzii_2012
AG0059-C,GAM_2_coluzzii_2012
AG0062-C,GAM_2_coluzzii_2012
AG0066-C,GAM_2_coluzzii_2012
AG0076-C,GAM_2_coluzzii_2012
AG0021-C,GAM_2_coluzzii_2012
AG0033-C,GAM_2_coluzzii_2012
AG0040-C,GAM_2_coluzzii_2012
AG0041-C,GAM_2_coluzzii_2012
AG0042-C,GAM_2_coluzzii_2012
AG0050-C,GAM_2_coluzzii_2012
AG0053-C,GAM_2_coluzzii_2012
AG0067-C,GAM_2_coluzzii_2012
AG0375-C,GAM_2_coluzzii_2012
AG0290-C,GAM_2_coluzzii_2012
AG0330-C,GAM_2_coluzzii_2012
AG0314-C,GAM_2_coluzzii_2012
AG0279-C,GAM_2_coluzzii_2012
AG0289-C,GAM_2_coluzzii_2012
AG0352-C,GAM_2_coluzzii_2012
AG0356-C,GAM_2_coluzzii_2012
AG0307-C,GAM_2_coluzzii_2012
AG0359-C,GAM_2_coluzzii_2012
AG0310-C,GAM_2_coluzzii_2012
AG0293-C,GAM_2_coluzzii_2012
AG0327-C,GAM_2_coluzzii_2012
AG0337-C,GAM_2_coluzzii_2012
AG0366-C,GAM_2_coluzzii_2012
AG0270-C,GAM_2_coluzzii_2012
AG0334-C,GAM_2_coluzzii_2012
AG0273-C,GAM_2_coluzzii_2012
AG0306-C,GAM_2_coluzzii_2012
AG0329-C,GAM_2_coluzzii_2012
AG0344-C,GAM_2_coluzzii_2012
AG0296-C,GAM_2_coluzzii_2012
AG0285-C,GAM_2_coluzzii_2012
AG0304-C,GAM_2_coluzzii_2012
AG0349-C,GAM_2_coluzzii_2012
AG0320-C,GAM_2_coluzzii_2012
AG0323-C,GAM_2_coluzzii_2012
AG0373-C,GAM_2_coluzzii_2012
AG0298-C,GAM_2_coluzzii_2012
AG0369-C,GAM_2_coluzzii_2012
AG0283-C,GAM_2_coluzzii_2012
AG0275-C,GAM_2_coluzzii_2012
AG0272-C,GAM_2_coluzzii_2012
AG0299-C,GAM_2_coluzzii_2012
AG0315-C,GAM_2_coluzzii_2012
AG0353-C,GAM_2_coluzzii_2012
AG0318-C,GAM_2_coluzzii_2012
AG0317-C,GAM_2_coluzzii_2012
AG0374-C,GAM_2_coluzzii_2012
AG0360-C,GAM_2_coluzzii_2012
AG0341-C,GAM_2_coluzzii_2012
AG0302-C,GAM_2_coluzzii_2012
AG0357-C,GAM_2_coluzzii_2012
AG0284-C,GAM_2_coluzzii_2012
AG0324-C,GAM_2_coluzzii_2012
AG0342-C,GAM_2_coluzzii_2012
AG0287-C,GAM_2_coluzzii_2012
AG0351-C,GAM_2_coluzzii_2012
AG0377-C,GAM_2_coluzzii_2012
AG0281-C,GAM_2_coluzzii_2012
AG0371-C,GAM_2_coluzzii_2012
AG0277-C,GAM_2_coluzzii_2012
AG0339-C,GAM_2_coluzzii_2012
AG0336-C,GAM_2_coluzzii_2012
AG0348-C,GAM_2_coluzzii_2012
AG0295-C,GAM_2_coluzzii_2012
AG0326-C,GAM_2_coluzzii_2012
AG0319-C,GAM_2_coluzzii_2012
AG0300-C,GAM_2_coluzzii_2012
AG0367-C,GAM_2_coluzzii_2012
AG0274-C,GAM_2_coluzzii_2012
AG0343-C,GAM_2_coluzzii_2012
AG0358-C,GAM_2_coluzzii_2012
AG0335-C,GAM_2_coluzzii_2012
AG0346-C,GAM_2_coluzzii_2012
AG0294-C,GAM_2_coluzzii_2012
AG0354-C,GAM_2_coluzzii_2012
AG0368-C,GAM_2_coluzzii_2012
AG0311-C,GAM_2_coluzzii_2012
AG0355-C,GAM_2_coluzzii_2012
AG0332-C,GAM_2_coluzzii_2012
AG0361-C,GAM_2_coluzzii_2012
AG0305-C,GAM_2_coluzzii_2012
AG0363-C,GAM_2_coluzzii_2012
AG0331-C,GAM_2_coluzzii_2012
AG0309-C,GAM_2_coluzzii_2012
AG0333-C,GAM_2_coluzzii_2012
AG0338-C,GAM_2_coluzzii_2012
AG0350-C,GAM_2_coluzzii_2012
AG0321-C,GAM_2_coluzzii_2012
AG0278-C,GAM_2_coluzzii_2012
AG0308-C,GAM_2_coluzzii_2012
AG0376-C,GAM_2_coluzzii_2012
AG0370-C,GAM_2_coluzzii_2012
AG0372-C,GAM_2_coluzzii_2012
AG0325-C,GAM_2_coluzzii_2012
AG0292-C,GAM_2_coluzzii_2012
AG0297-C,GAM_2_coluzzii_2012
AG0282-C,GAM_2_coluzzii_2012
AG0347-C,GAM_2_coluzzii_2012
AG0364-C,GAM_2_coluzzii_2012
AG0328-C,GAM_2_coluzzii_2012
AG0286-C,GAM_2_coluzzii_2012
AG0365-C,GAM_2_coluzzii_2012
AG0276-C,GAM_2_coluzzii_2012
AG0271-C,GAM_2_coluzzii_2012
AG0345-C,GAM_2_coluzzii_2012
AG0291-C,GAM_2_coluzzii_2012
AG0362-C,GAM_2_coluzzii_2012
AG0340-C,GAM_2_coluzzii_2012
AG0288-C,GAM_2_coluzzii_2012
AG0322-C,GAM_2_coluzzii_2012
AG0312-C,GAM_2_coluzzii_2012
AG0316-C,GAM_2_coluzzii_2012
AG0303-C,GAM_2_coluzzii_2012
AG0301-C,GAM_2_coluzzii_2012
AG0313-C,GAM_2_coluzzii_2012
AV0043-C,GUI_1_gambiae_2012
AV0036-C,GUI_1_gambiae_2012
AV0037-C,GUI_1_gambiae_2012
AV0026-C,GUI_1_gambiae_2012
AV0032-C,GUI_1_gambiae_2012
AV0035-C,GUI_1_gambiae_2012
AV0031-C,GUI_1_gambiae_2012
AV0027-C,GUI_1_gambiae_2012
AV0047-C,GUI_1_gambiae_2012
AV0038-C,GUI_1_coluzzii_2012
AV0040-C,GUI_1_coluzzii_2012
AV0039-C,GUI_1_gambiae_2012
AV0041-C,GUI_1_gambiae_2012
AV0033-C,GUI_1_gambiae_2012
AV0045-C,GUI_1_gambiae_2012
AV0028-C,GUI_1_gambiae_2012
AV0042-Cx,GUI_1_coluzzii_2012
AV0044-Cx,GUI_1_gambiae_2012
AV0030-Cx,GUI_1_gambiae_2012
AV0046-Cx,GUI_1_coluzzii_2012
AV0029-Cx,GUI_1_gambiae_2012
AV0034-Cx,GUI_1_gambiae_2012
AV0209-CW,GUI_1_coluzzii_2012
AV0235-CW,GUI_1_gambiae_2012
AV0142-C,GUI_1_gambiae_2012
AV0154-C,GUI_1_gambiae_2012
AV0226-C,GUI_1_gambiae_2012
AV0143-C,GUI_1_gambiae_2012
AV0179-C,GUI_1_gambiae_2012
AV0191-C,GUI_1_gambiae_2012
AV0180-C,GUI_1_gambiae_2012
AV0192-C,GUI_1_gambiae_2012
AV0170-C,GUI_1_gambiae_2012
AV0194-C,GUI_1_gambiae_2012
AV0206-C,GUI_1_gambiae_2012
AV0218-C,GUI_1_gambiae_2012
AV0171-C,GUI_1_gambiae_2012
AV0195-C,GUI_1_gambiae_2012
AV0207-C,GUI_1_coluzzii_2012
AV0364-C,GUI_1_gambiae_2012
AV0353-C,GUI_1_gambiae_2012
AV0219-C,GUI_1_gambiae_2012
AV0231-C,GUI_1_gambiae_2012
AV0160-C,GUI_1_gambiae_2012
AV0196-C,GUI_1_gambiae_2012
AV0208-C,GUI_1_gambiae_2012
AV0220-C,GUI_1_coluzzii_2012
AV0232-C,GUI_1_coluzzii_2012
AV0149-C,GUI_1_coluzzii_2012
AV0161-C,GUI_1_coluzzii_2012
AV0173-C,GUI_1_coluzzii_2012
AV0185-C,GUI_1_gambiae_2012
AV0150-C,GUI_1_gambiae_2012
AV0162-C,GUI_1_gambiae_2012
AV0174-C,GUI_1_gambiae_2012
AV0186-C,GUI_1_gambiae_2012
AV0198-C,GUI_1_gambiae_2012
AV0210-C,GUI_1_gambiae_2012
AV0222-C,GUI_1_gambiae_2012
AV0234-C,GUI_1_gambiae_2012
AV0199-C,GUI_1_gambiae_2012
AV0211-C,GUI_1_gambiae_2012
AV0223-C,GUI_1_gambiae_2012
AV0152-C,GUI_1_gambiae_2012
AV0164-C,GUI_1_gambiae_2012
AV0176-C,GUI_1_gambiae_2012
AV0188-C,GUI_1_gambiae_2012
AV0200-C,GUI_1_gambiae_2012
AV0165-C,GUI_1_gambiae_2012
AV0177-C,GUI_1_gambiae_2012
AV0189-C,GUI_1_gambiae_2012
AV0201-C,GUI_1_gambiae_2012
AV0213-C,GUI_1_gambiae_2012
AV0225-C,GUI_1_gambiae_2012
AV0025-C,GUI_2_gambiae_2012
AV0006-C,GUI_2_gambiae_2012
AV0008-C,GUI_2_gambiae_2012
AV0015-C,GUI_2_gambiae_2012
AV0010-C,GUI_2_gambiae_2012
AV0007-C,GUI_2_gambiae_2012
AV0012-C,GUI_2_gambiae_2012
AV0024-C,GUI_2_gambiae_2012
AV0002-C,GUI_2_gambiae_2012
AV0014-C,GUI_2_gambiae_2012
AV0013-C,GUI_2_gambiae_2012
AV0005-C,GUI_2_gambiae_2012
AV0011-C,GUI_2_gambiae_2012
AV0018-C,GUI_2_gambiae_2012
AV0009-C,GUI_2_gambiae_2012
AV0001-C,GUI_2_gambiae_2012
AV0017-C,GUI_2_gambiae_2012
AV0022-C,GUI_2_gambiae_2012
AV0020-C,GUI_2_gambiae_2012
AV0021-C,GUI_2_gambiae_2012
AV0023-C,GUI_2_gambiae_2012
AV0004-Cx,GUI_2_gambiae_2012
AV0003-Cx,GUI_2_gambiae_2012
AV0069-CW,GUI_2_gambiae_2012
AV0126-CW,GUI_2_gambiae_2012
AV0132-C,GUI_2_gambiae_2012
AV0061-C,GUI_2_gambiae_2012
AV0109-C,GUI_2_gambiae_2012
AV0074-C,GUI_2_gambiae_2012
AV0086-C,GUI_2_gambiae_2012
AV0098-C,GUI_2_gambiae_2012
AV0134-C,GUI_2_gambiae_2012
AV0113-C,GUI_2_gambiae_2012
AV0137-C,GUI_2_gambiae_2012
AV0078-C,GUI_2_gambiae_2012
AV0055-C,GUI_2_gambiae_2012
AV0067-C,GUI_2_gambiae_2012
AV0091-C,GUI_2_gambiae_2012
AV0115-C,GUI_2_gambiae_2012
AV0068-C,GUI_2_gambiae_2012
AV0080-C,GUI_2_gambiae_2012
AV0092-C,GUI_2_gambiae_2012
AV0104-C,GUI_2_gambiae_2012
AV0116-C,GUI_2_gambiae_2012
AV0128-C,GUI_2_gambiae_2012
AV0140-C,GUI_2_gambiae_2012
AV0129-C,GUI_2_gambiae_2012
AV0141-C,GUI_2_gambiae_2012
AV0058-C,GUI_2_gambiae_2012
AV0070-C,GUI_2_gambiae_2012
AV0082-C,GUI_2_gambiae_2012
AV0094-C,GUI_2_gambiae_2012
AV0106-C,GUI_2_gambiae_2012
AV0130-C,GUI_2_gambiae_2012
AV0059-C,GUI_2_gambiae_2012
AV0083-C,GUI_2_gambiae_2012
AV0095-C,GUI_2_gambiae_2012
AV0107-C,GUI_2_gambiae_2012
AV0119-C,GUI_2_gambiae_2012
AV0131-C,GUI_2_gambiae_2012
AV0352-C,GUI_2_gambiae_2012
AV0341-C,GUI_2_gambiae_2012
AV0330-C,MAL_4_gambiae_2012
AV0342-C,MAL_4_gambiae_2012
AV0354-C,MAL_4_gambiae_2012
AV0366-C,
AV0377-C,MAL_4_gambiae_2012
AV0387-C,MAL_4_gambiae_2012
AV0407-C,MAL_4_gambiae_2012
AV0331-C,
AV0367-C,MAL_4_gambiae_2012
AV0378-C,MAL_4_gambiae_2012
AV0408-C,MAL_4_gambiae_2012
AV0332-C,MAL_4_gambiae_2012
AV0344-C,MAL_4_gambiae_2012
AV0356-C,MAL_4_gambiae_2012
AV0368-C,MAL_4_gambiae_2012
AV0389-C,MAL_4_gambiae_2012
AV0409-C,MAL_4_gambiae_2012
AV0333-C,MAL_4_gambiae_2012
AV0380-C,MAL_4_gambiae_2012
AV0390-C,MAL_4_gambiae_2012
AV0400-C,MAL_4_gambiae_2012
AV0410-C,MAL_4_gambiae_2012
AV0334-C,MAL_4_gambiae_2012
AV0346-C,MAL_4_gambiae_2012
AV0358-C,MAL_4_gambiae_2012
AV0381-C,MAL_4_gambiae_2012
AV0391-C,MAL_4_gambiae_2012
AV0401-C,MAL_4_gambiae_2012
AV0335-C,MAL_4_gambiae_2012
AV0347-C,MAL_4_gambiae_2012
AV0359-C,MAL_4_gambiae_2012
AV0371-C,MAL_4_gambiae_2012
AV0382-C,MAL_4_gambiae_2012
AV0392-C,MAL_4_gambiae_2012
AV0402-C,MAL_4_gambiae_2012
AV0412-C,MAL_4_gambiae_2012
AV0336-C,MAL_4_gambiae_2012
AV0360-C,MAL_4_gambiae_2012
AV0372-C,MAL_4_gambiae_2012
AV0383-C,MAL_4_gambiae_2012
AV0393-C,MAL_4_gambiae_2012
AV0403-C,MAL_4_gambiae_2012
AV0337-C,MAL_4_gambiae_2012
AV0349-C,MAL_4_gambiae_2012
AV0361-C,MAL_4_gambiae_2012
AV0373-C,MAL_4_gambiae_2012
AV0384-C,MAL_4_gambiae_2012
AV0394-C,MAL_4_gambiae_2012
AV0404-C,MAL_4_gambiae_2012
AV0414-C,MAL_4_gambiae_2012
AV0338-C,MAL_4_gambiae_2012
AV0350-C,MAL_4_gambiae_2012
AV0362-C,MAL_4_gambiae_2012
AV0405-C,MAL_4_gambiae_2012
AV0415-C,MAL_4_gambiae_2012
AV0351-C,MAL_4_gambiae_2012
AV0363-C,MAL_4_gambiae_2012
AV0375-C,MAL_4_gambiae_2012
AV0386-C,MAL_4_gambiae_2012
AV0396-C,MAL_4_gambiae_2012
AV0406-C,MAL_4_gambiae_2012
AV0340-C,
AV0376-C,MAL_4_gambiae_2012
AV0236-C,MAL_3_coluzzii_2012
AV0248-C,MAL_3_coluzzii_2012
AV0308-C,MAL_3_coluzzii_2012
AV0320-C,MAL_3_coluzzii_2012
AV0237-C,MAL_3_coluzzii_2012
AV0249-C,MAL_3_coluzzii_2012
AV0285-C,MAL_3_coluzzii_2012
AV0297-C,MAL_3_coluzzii_2012
AV0262-C,MAL_3_coluzzii_2012
AV0263-C,
AV0275-C,MAL_3_coluzzii_2012
AV0287-C,
AV0323-C,MAL_3_coluzzii_2012
AV0241-C,MAL_3_coluzzii_2012
AV0253-C,MAL_3_coluzzii_2012
AV0265-C,MAL_3_coluzzii_2012
AV0277-C,
AV0325-C,
AV0254-C,MAL_3_coluzzii_2012
AV0278-C,MAL_3_coluzzii_2012
AV0314-C,
AV0243-C,MAL_3_coluzzii_2012
AV0255-C,
AV0303-C,MAL_3_coluzzii_2012
AV0268-C,MAL_3_coluzzii_2012
AV0280-C,MAL_3_coluzzii_2012
AV0292-C,MAL_3_coluzzii_2012
AV0304-C,MAL_3_coluzzii_2012
AV0245-C,MAL_3_coluzzii_2012
AV0293-C,MAL_3_coluzzii_2012
AV0305-C,MAL_3_coluzzii_2012
AQ0009-C,BKO_1_gambiae_2002
AQ0001-C,BKO_1_gambiae_2002
AQ0002-C,BKO_1_gambiae_2002
AQ0005-C,BKO_1_gambiae_2002
AQ0004-C,BKO_1_gambiae_2002
AQ0015-C,BKO_1_gambiae_2002
AQ0011-C,BKO_1_gambiae_2002
AQ0012-C,BKO_1_gambiae_2002
AQ0014-C,BKO_1_gambiae_2002
AQ0013-C,BKO_1_gambiae_2002
AJ0023-C,GBU_1_intermediate_2010
AJ0024-C,GBU_1_intermediate_2010
AJ0032-C,GBU_1_intermediate_2010
AJ0035-C,GBU_1_intermediate_2010
AJ0036-C,GBU_1_intermediate_2010
AJ0037-C,GBU_1_intermediate_2010
AJ0039-C,GBU_1_intermediate_2010
AJ0043-C,GBU_1_intermediate_2010
AJ0044-C,GBU_1_intermediate_2010
AJ0045-C,GBU_1_intermediate_2010
AJ0047-C,GBU_1_intermediate_2010
AJ0051-C,GBU_1_intermediate_2010
AJ0052-C,GBU_1_intermediate_2010
AJ0056-C,GBU_1_intermediate_2010
AJ0059-C,GBU_1_intermediate_2010
AJ0061-C,GBU_1_intermediate_2010
AJ0063-C,GBU_1_intermediate_2010
AJ0064-C,GBU_1_intermediate_2010
AJ0066-C,GBU_1_intermediate_2010
AJ0071-C,GBU_1_intermediate_2010
AJ0072-C,GBU_1_intermediate_2010
AJ0074-C,GBU_1_intermediate_2010
AJ0075-C,GBU_1_intermediate_2010
AJ0076-C,GBU_1_intermediate_2010
AJ0077-C,GBU_1_intermediate_2010
AJ0078-C,GBU_1_intermediate_2010
AJ0079-C,GBU_1_intermediate_2010
AJ0081-C,GBU_1_intermediate_2010
AJ0084-C,GBU_1_intermediate_2010
AJ0085-C,GBU_1_intermediate_2010
AJ0086-C,GBU_1_intermediate_2010
AJ0088-C,GBU_1_intermediate_2010
AJ0090-C,GBU_1_intermediate_2010
AJ0092-C,GBU_1_intermediate_2010
AJ0093-C,GBU_1_intermediate_2010
AJ0095-C,GBU_1_intermediate_2010
AJ0096-C,GBU_1_intermediate_2010
AJ0097-C,GBU_1_intermediate_2010
AJ0098-C,GBU_1_intermediate_2010
AJ0100-C,GBU_1_intermediate_2010
AJ0102-C,GBU_1_intermediate_2010
AJ0103-C,GBU_1_intermediate_2010
AJ0105-C,GBU_1_intermediate_2010
AJ0107-C,GBU_1_intermediate_2010
AJ0109-C,GBU_1_intermediate_2010
AJ0113-C,GBU_1_intermediate_2010
AJ0115-C,GBU_1_intermediate_2010
AJ0116-C,GBU_1_intermediate_2010
AJ0099-C,GBU_1_intermediate_2010
AJ0117-C,GBU_1_intermediate_2010
AJ0070-Cx,GBU_1_intermediate_2010
AJ0101-Cx,GBU_1_intermediate_2010
AJ0028-C,GBU_1_intermediate_2010
AJ0038-C,GBU_1_intermediate_2010
AJ0049-C,GBU_1_intermediate_2010
AJ0060-C,GBU_1_intermediate_2010
AJ0068-C,GBU_1_intermediate_2010
AJ0080-C,GBU_1_intermediate_2010
AJ0087-C,GBU_1_intermediate_2010
AJ0119-C,GBU_1_intermediate_2010
AJ0120-C,
AJ0121-C,
AJ0122-C,
AJ0123-C,
AJ0124-C,
AJ0125-C,
AJ0126-C,
AJ0127-C,
AJ0128-C,GBU_1_intermediate_2010
AJ0129-C,GBU_1_intermediate_2010
AJ0130-C,GBU_1_intermediate_2010
AJ0131-C,GBU_1_intermediate_2010
AJ0132-C,GBU_1_intermediate_2010
AJ0133-C,GBU_1_intermediate_2010
AJ0134-C,GBU_1_intermediate_2010
AJ0135-C,GBU_1_intermediate_2010
AJ0136-C,GBU_1_intermediate_2010
AJ0137-C,GBU_1_intermediate_2010
AJ0138-C,GBU_1_intermediate_2010
AJ0139-C,GBU_1_intermediate_2010
AJ0140-C,GBU_1_intermediate_2010
AJ0141-C,GBU_1_intermediate_2010
AJ0142-C,GBU_1_intermediate_2010
AJ0143-C,GBU_1_intermediate_2010
AJ0144-C,GBU_1_intermediate_2010
AJ0145-C,GBU_1_intermediate_2010
AJ0146-C,GBU_1_intermediate_2010
AJ0147-C,GBU_1_intermediate_2010
AJ0148-C,GBU_1_intermediate_2010
AJ0149-C,GBU_1_intermediate_2010
AJ0150-C,GBU_1_intermediate_2010
AJ0151-C,GBU_1_intermediate_2010
AJ0152-C,GBU_1_intermediate_2010
AJ0153-C,GBU_1_intermediate_2010
AJ0154-C,GBU_1_intermediate_2010
AJ0155-C,GBU_1_intermediate_2010
AJ0156-C,GBU_1_intermediate_2010
AJ0157-C,GBU_1_intermediate_2010
AJ0158-C,GBU_1_intermediate_2010
AJ0159-C,GBU_1_intermediate_2010
AJ0161-C,GBU_1_intermediate_2010
AK0041-C,KEN_1_arabiensis_2012
AK0042-C,KEN_1_arabiensis_2012
AK0043-C,KEN_1_arabiensis_2012
AK0044-C,KEN_1_arabiensis_2012
AK0046-C,KEN_1_arabiensis_2012
AK0047-C,KEN_1_arabiensis_2012
AK0049-C,KEN_1_intermediate_2012
AK0050-C,KEN_1_intermediate_2012
AK0051-C,KEN_1_intermediate_2012
AK0052-C,KEN_1_intermediate_2012
AK0054-C,KEN_1_arabiensis_2012
AK0055-C,KEN_1_arabiensis_2012
AK0056-C,KEN_1_arabiensis_2012
AK0062-C,KEN_1_intermediate_2012
AK0063-C,KEN_1_intermediate_2012
AK0065-C,KEN_1_intermediate_2012
AK0067-C,KEN_1_intermediate_2012
AK0068-C,KEN_1_intermediate_2012
AK0069-C,KEN_1_intermediate_2012
AK0070-C,KEN_1_intermediate_2012
AK0071-C,KEN_1_intermediate_2012
AK0072-C,KEN_1_intermediate_2012
AK0073-C,KEN_1_intermediate_2012
AK0076-C,KEN_1_intermediate_2012
AK0077-C,KEN_1_intermediate_2012
AK0078-C,KEN_1_intermediate_2012
AK0079-C,KEN_1_intermediate_2012
AK0081-C,KEN_1_intermediate_2012
AK0082-C,KEN_1_intermediate_2012
AK0083-C,KEN_1_intermediate_2012
AK0085-C,KEN_1_intermediate_2012
AK0086-C,KEN_1_intermediate_2012
AK0087-C,KEN_1_intermediate_2012
AK0088-C,KEN_1_intermediate_2012
AK0089-C,KEN_1_intermediate_2012
AK0091-C,KEN_1_intermediate_2012
AK0093-C,KEN_1_intermediate_2012
AK0094-C,KEN_1_intermediate_2012
AK0095-C,KEN_1_intermediate_2012
AK0096-C,KEN_1_intermediate_2012
AK0098-C,KEN_1_intermediate_2012
AK0099-C,KEN_1_intermediate_2012
AK0101-C,KEN_1_intermediate_2012
AK0102-C,KEN_1_intermediate_2012
AK0104-C,KEN_1_intermediate_2012
AK0105-C,KEN_1_intermediate_2012
AK0106-C,KEN_1_intermediate_2012
AK0107-C,KEN_1_intermediate_2012
AK0108-C,KEN_1_intermediate_2012
AK0110-C,KEN_1_intermediate_2012
AK0116-C,KEN_1_intermediate_2012
AK0117-C,KEN_1_intermediate_2012
AK0119-C,KEN_1_intermediate_2012
AK0127-C,KEN_1_intermediate_2012
AK0045-Cx,KEN_1_intermediate_2012
AK0057-Cx,KEN_1_arabiensis_2012
AK0060-C,KEN_1_intermediate_2012
AK0066-Cx,KEN_1_intermediate_2012
AK0075-Cx,KEN_1_intermediate_2012
AK0090-Cx,KEN_1_intermediate_2012
AK0092-Cx,KEN_1_intermediate_2012
AK0100-Cx,KEN_1_intermediate_2012
AK0103-Cx,KEN_1_intermediate_2012
AK0109-Cx,KEN_1_intermediate_2012
AK0177-C,KEN_1_gambiae_2000
AK0203-C,KEN_1_gambiae_2000
AK0207-C,KEN_1_gambiae_2000
AK0211-C,KEN_1_gambiae_2000
AK0212-C,KEN_1_gambiae_2000
AK0213-C,KEN_1_gambiae_2000
AK0214-C,KEN_1_gambiae_2000
AK0215-C,KEN_1_gambiae_2000
AK0226-C,KEN_1_gambiae_2000
AK0235-C,KEN_1_gambiae_2000
AK0236-C,KEN_1_gambiae_2000
AK0237-C,KEN_1_gambiae_2000
AK0238-C,KEN_1_gambiae_2000
AK0239-C,KEN_1_gambiae_2000
AK0274-C,KEN_1_gambiae_2000
AK0278-C,KEN_1_gambiae_2000
AK0279-C,KEN_1_gambiae_2000
AK0280-C,KEN_1_gambiae_2000
AK0281-C,KEN_1_gambiae_2000
AK0284-C,
AK0298-C,
AK0299-C,
AZ0292-C,MAL_5_coluzzii_2014
AZ0293-C,MAL_5_coluzzii_2014
AZ0294-C,MAL_5_coluzzii_2014
AZ0295-C,MAL_5_coluzzii_2014
AZ0296-C,MAL_5_coluzzii_2014
AZ0297-C,MAL_5_coluzzii_2014
AZ0298-C,MAL_5_coluzzii_2014
AZ0300-C,MAL_5_gambiae_2014
AZ0301-C,MAL_5_gambiae_2014
AZ0302-C,MAL_5_gambiae_2014
AZ0304-C,MAL_5_gambiae_2014
AZ0305-C,MAL_5_gambiae_2014
AZ0306-C,MAL_5_gambiae_2014
AZ0307-C,MAL_5_gambiae_2014
AZ0308-C,MAL_5_gambiae_2014
AZ0309-C,MAL_5_gambiae_2014
AZ0310-C,MAL_5_gambiae_2014
AZ0311-C,MAL_5_gambiae_2014
AZ0313-C,MAL_5_gambiae_2014
AZ0314-C,MAL_5_gambiae_2014
AZ0316-C,MAL_5_gambiae_2014
AZ0317-C,MAL_5_gambiae_2014
AZ0318-C,MAL_5_gambiae_2014
AZ0319-C,MAL_5_gambiae_2014
AZ0320-C,MAL_5_gambiae_2014
AZ0321-C,MAL_5_gambiae_2014
AZ0322-C,MAL_5_gambiae_2014
AZ0323-C,MAL_5_gambiae_2014
AZ0325-C,MAL_5_gambiae_2014
AZ0326-C,MAL_5_gambiae_2014
AZ0328-C,MAL_5_gambiae_2014
AZ0329-C,MAL_5_gambiae_2014
AZ0330-C,MAL_5_gambiae_2014
AZ0331-C,MAL_5_gambiae_2014
AZ0284-C,MAL_5_coluzzii_2014
AZ0287-C,MAL_5_coluzzii_2014
AZ0289-C,MAL_5_coluzzii_2014
AZ0290-C,MAL_5_coluzzii_2014
AZ0291-C,MAL_5_coluzzii_2014
AZ0312-C,MAL_5_gambiae_2014
AZ0332-C,MAL_5_coluzzii_2014
AZ0333-C,MAL_5_coluzzii_2014
AZ0334-C,MAL_5_coluzzii_2014
AZ0336-C,MAL_5_gambiae_2014
AZ0337-C,MAL_5_gambiae_2014
AZ0338-C,MAL_5_gambiae_2014
AZ0339-C,MAL_5_coluzzii_2014
AZ0340-C,MAL_5_coluzzii_2014
AZ0341-C,MAL_5_coluzzii_2014
AZ0342-C,MAL_5_coluzzii_2014
AZ0343-C,MAL_5_coluzzii_2014
AZ0344-C,MAL_5_coluzzii_2014
AZ0350-C,MAL_5_gambiae_2014
AZ0425-CW,MAL_5_coluzzii_2014
AZ0433-CW,MAL_5_coluzzii_2014
AZ0434-CW,MAL_5_coluzzii_2014
AZ0416-CW,MAL_5_coluzzii_2014
AZ0444-CW,MAL_5_coluzzii_2014
AZ0484-CW,MAL_5_gambiae_2014
AZ0459-CW,MAL_5_coluzzii_2014
AZ0253-C,MAL_2_gambiae_2004
AZ0254-C,MAL_2_gambiae_2004
AZ0255-C,MAL_2_gambiae_2004
AZ0256-C,MAL_2_gambiae_2004
AZ0258-C,MAL_2_gambiae_2004
AZ0259-C,MAL_2_gambiae_2004
AZ0260-C,MAL_2_gambiae_2004
AZ0261-C,MAL_2_gambiae_2004
AZ0283-C,MAL_2_gambiae_2004
AZ0263-C,MAL_2_gambiae_2004
AZ0279-C,MAL_2_gambiae_2004
VBS02077-4431STDY6772805,MAL_2_gambiae_2004
VBS02083-4431STDY6772806,MAL_2_gambiae_2004
VBS02088-4431STDY6772808,MAL_2_gambiae_2004
VBS02090-4431STDY6772809,MAL_2_gambiae_2004
VBS02093-4431STDY6772811,MAL_2_gambiae_2004
VBS02094-4431STDY6772812,MAL_2_gambiae_2004
VBS02095-4431STDY6772813,MAL_2_gambiae_2004
VBS02097-4431STDY6772815,MAL_2_gambiae_2004
VBS02101-4431STDY6772818,MAL_2_gambiae_2004
VBS02103-4431STDY6772819,MAL_2_gambiae_2004
VBS02104-4431STDY6772820,MAL_2_gambiae_2004
VBS02106-4431STDY6772821,MAL_2_gambiae_2004
VBS02107-4431STDY6772822,MAL_2_gambiae_2004
VBS02109-4431STDY6772823,MAL_2_gambiae_2004
VBS02110-4431STDY6772824,MAL_2_gambiae_2004
VBS02112-4431STDY6772826,MAL_2_gambiae_2004
VBS02119-4431STDY6772831,MAL_2_gambiae_2004
VBS02121-4431STDY6772832,MAL_2_gambiae_2004
VBS02127-4431STDY6772833,MAL_2_gambiae_2004
VBS02129-4431STDY6772835,MAL_2_gambiae_2004
VBS02130-4431STDY6772836,MAL_2_gambiae_2004
AZ0267-C,
AZ0268-C,MAL_1_coluzzii_2004
AZ0269-C,MAL_1_coluzzii_2004
AZ0270-C,MAL_1_coluzzii_2004
AZ0271-C,MAL_1_coluzzii_2004
VBS02057-4431STDY6672925,MAL_1_coluzzii_2004
VBS02061-4431STDY6672929,
VBS02062-4431STDY6672930,MAL_1_coluzzii_2004
AZ0272-C,MAL_5_coluzzii_2004
AZ0273-C,MAL_5_coluzzii_2004
AZ0274-C,MAL_5_coluzzii_2004
AZ0275-C,MAL_5_coluzzii_2004
AZ0276-C,MAL_5_coluzzii_2004
AZ0277-C,MAL_5_coluzzii_2004
AZ0278-C,MAL_5_coluzzii_2004
AZ0280-C,MAL_1_coluzzii_2004
AZ0281-C,MAL_1_coluzzii_2004
AZ0282-C,MAL_1_coluzzii_2004
VBS02049-4431STDY6672917,MAL_1_coluzzii_2004
VBS02050-4431STDY6672918,MAL_1_coluzzii_2004
VBS02052-4431STDY6672920,MAL_1_coluzzii_2004
VBS02054-4431STDY6672922,MAL_1_coluzzii_2004
VBS02056-4431STDY6672924,
VBS02058-4431STDY6672926,MAL_1_coluzzii_2004
VBS02063-4431STDY6672931,MAL_1_coluzzii_2004
VBS02064-4431STDY6672932,MAL_1_coluzzii_2004
VBS02065-4431STDY6672933,MAL_1_coluzzii_2004
VBS02066-4431STDY6672934,MAL_1_coluzzii_2004
VBS02067-4431STDY6672935,MAL_1_coluzzii_2004
VBS02068-4431STDY6672936,MAL_1_coluzzii_2004
VBS02069-4431STDY6672937,MAL_1_coluzzii_2004
VBS02070-4431STDY6672938,MAL_1_coluzzii_2004
VBS02071-4431STDY6672939,MAL_1_coluzzii_2004
VBS02072-4431STDY6672940,MAL_1_coluzzii_2004
VBS02073-4431STDY6672941,MAL_1_coluzzii_2004
VBS02051-4431STDY6672919,MAL_5_coluzzii_2004
VBS02055-4431STDY6672923,MAL_5_coluzzii_2004
VBS02059-4431STDY6672927,MAL_5_coluzzii_2004
VBS02060-4431STDY6672928,MAL_5_coluzzii_2004
AZ0152-C,MLW_1_arabiensis_2015
AZ0153-C,MLW_1_arabiensis_2015
AZ0155-C,MLW_1_arabiensis_2015
AZ0156-C,MLW_1_arabiensis_2015
AZ0157-C,MLW_1_arabiensis_2015
AZ0158-C,MLW_1_arabiensis_2015
AZ0159-C,MLW_1_arabiensis_2015
AZ0160-C,MLW_1_arabiensis_2015
AZ0161-C,MLW_1_arabiensis_2015
AZ0164-C,MLW_1_arabiensis_2015
AZ0165-C,MLW_1_arabiensis_2015
AZ0166-C,MLW_1_arabiensis_2015
AZ0167-C,MLW_1_arabiensis_2015
AZ0168-C,MLW_1_arabiensis_2015
AZ0170-C,MLW_1_arabiensis_2015
AZ0172-C,MLW_1_arabiensis_2015
AZ0174-C,MLW_1_arabiensis_2015
AZ0175-C,MLW_1_arabiensis_2015
AZ0176-C,MLW_1_arabiensis_2015
AZ0179-C,MLW_1_arabiensis_2015
AZ0180-C,MLW_1_arabiensis_2015
AZ0181-C,MLW_1_arabiensis_2015
AZ0182-C,MLW_1_arabiensis_2015
AZ0183-C,MLW_1_arabiensis_2015
AZ0184-C,MLW_1_arabiensis_2015
AZ0185-C,MLW_1_arabiensis_2015
AZ0186-C,MLW_1_arabiensis_2015
AZ0187-C,MLW_1_arabiensis_2015
AZ0188-C,MLW_1_arabiensis_2015
AZ0191-C,MLW_1_arabiensis_2015
AZ0192-C,MLW_1_arabiensis_2015
AZ0199-C,MLW_1_arabiensis_2015
AZ0200-C,MLW_1_arabiensis_2015
AZ0201-C,MLW_1_arabiensis_2015
AZ0202-C,MLW_1_arabiensis_2015
AZ0223-C,MLW_1_arabiensis_2015
AZ0226-C,MLW_1_arabiensis_2015
AZ0242-C,MLW_1_arabiensis_2015
AZ0246-C,MLW_1_arabiensis_2015
AZ0247-C,MLW_1_arabiensis_2015
AZ0251-C,MLW_1_arabiensis_2015
BQ0046-C,MOZ_1_gambiae_2004
BQ0047-C,MOZ_1_gambiae_2004
BQ0049-C,MOZ_1_gambiae_2004
BQ0050-C,MOZ_1_gambiae_2004
BQ0051-C,MOZ_1_gambiae_2004
BQ0052-C,MOZ_1_gambiae_2004
BQ0053-C,MOZ_1_gambiae_2004
BQ0054-C,MOZ_1_gambiae_2004
BQ0055-C,MOZ_1_gambiae_2004
BQ0056-C,MOZ_1_gambiae_2004
BQ0057-C,MOZ_1_gambiae_2004
BQ0058-C,MOZ_1_gambiae_2004
BQ0059-C,MOZ_1_gambiae_2004
BQ0060-C,MOZ_1_gambiae_2004
BQ0062-C,MOZ_1_gambiae_2004
BQ0064-C,MOZ_1_gambiae_2004
BQ0065-C,MOZ_1_gambiae_2004
BQ0066-C,MOZ_1_gambiae_2004
BQ0067-C,MOZ_1_gambiae_2004
BQ0068-C,MOZ_1_gambiae_2004
BQ0069-C,MOZ_1_gambiae_2004
BQ0070-C,MOZ_1_gambiae_2004
BQ0071-C,MOZ_1_gambiae_2004
BQ0072-C,MOZ_1_gambiae_2004
BQ0073-C,MOZ_1_gambiae_2004
BQ0074-C,MOZ_1_gambiae_2004
BQ0075-C,MOZ_1_gambiae_2004
BQ0076-C,MOZ_1_gambiae_2004
BQ0077-C,MOZ_1_gambiae_2004
BQ0078-C,MOZ_1_gambiae_2004
BQ0079-C,MOZ_1_gambiae_2004
BQ0080-C,MOZ_1_gambiae_2004
BQ0081-C,MOZ_1_gambiae_2004
BQ0082-C,MOZ_1_gambiae_2004
BQ0083-C,MOZ_1_gambiae_2004
BQ0084-C,MOZ_1_gambiae_2004
BQ0085-C,MOZ_1_gambiae_2004
BQ0086-C,MOZ_1_gambiae_2004
BQ0087-C,MOZ_1_gambiae_2004
BQ0088-C,MOZ_1_gambiae_2004
BQ0089-C,MOZ_1_gambiae_2004
BQ0090-C,MOZ_1_gambiae_2004
BQ0091-C,MOZ_1_gambiae_2004
BQ0092-C,MOZ_1_gambiae_2004
BQ0093-C,MOZ_1_gambiae_2004
BQ0094-C,MOZ_1_gambiae_2004
BQ0095-C,MOZ_1_gambiae_2004
BQ0096-C,MOZ_1_gambiae_2004
BQ0097-C,MOZ_1_gambiae_2004
BQ0098-C,MOZ_1_gambiae_2004
BQ0099-C,MOZ_1_gambiae_2004
BQ0100-C,MOZ_1_gambiae_2004
BQ0102-C,MOZ_1_gambiae_2004
BQ0103-C,MOZ_1_gambiae_2004
BQ0106-C,MOZ_1_gambiae_2004
BQ0107-C,MOZ_1_gambiae_2004
BQ0108-C,MOZ_1_gambiae_2004
BQ0109-C,MOZ_1_gambiae_2004
BQ0110-C,MOZ_1_gambiae_2004
BQ0111-C,MOZ_1_gambiae_2004
BQ0114-C,MOZ_1_gambiae_2004
BQ0115-C,MOZ_1_gambiae_2004
BQ0116-C,MOZ_1_gambiae_2004
BQ0117-C,MOZ_1_gambiae_2004
BQ0118-C,MOZ_1_gambiae_2004
BQ0119-C,MOZ_1_gambiae_2004
BQ0120-C,MOZ_1_gambiae_2004
BQ0121-C,MOZ_1_gambiae_2004
BQ0122-C,
BQ0123-C,
BQ0125-C,
BQ0126-C,MOZ_1_gambiae_2004
BQ0129-C,MOZ_1_gambiae_2004
BQ0130-C,MOZ_1_gambiae_2004
BL0046-C,
BL0047-C,TZA_1_arabiensis_2015
BL0048-C,TZA_1_arabiensis_2015
BL0049-C,TZA_1_arabiensis_2015
BL0050-C,TZA_1_arabiensis_2015
BL0052-C,TZA_1_gambiae_2015
BL0054-C,TZA_1_gambiae_2015
BL0055-C,TZA_1_arabiensis_2015
BL0058-C,TZA_1_gambiae_2015
BL0059-C,TZA_1_arabiensis_2015
BL0060-C,TZA_1_arabiensis_2015
BL0061-C,TZA_1_arabiensis_2015
BL0062-C,TZA_1_arabiensis_2015
BL0063-C,TZA_1_gambiae_2015
BL0065-C,TZA_1_gambiae_2015
BL0067-C,TZA_1_arabiensis_2015
BL0068-C,TZA_1_arabiensis_2015
BL0069-C,TZA_1_arabiensis_2015
BL0070-C,TZA_1_arabiensis_2015
BL0071-C,TZA_1_arabiensis_2015
BL0072-C,TZA_1_arabiensis_2015
BL0073-C,TZA_1_arabiensis_2015
BL0074-C,TZA_1_arabiensis_2015
BL0075-C,TZA_1_arabiensis_2015
BL0076-C,TZA_1_arabiensis_2015
BL0078-C,TZA_1_gambiae_2015
BL0079-C,TZA_1_gambiae_2015
BL0081-C,TZA_1_arabiensis_2015
BL0082-C,TZA_1_arabiensis_2015
BL0083-C,TZA_1_arabiensis_2015
BL0084-C,TZA_1_arabiensis_2015
BL0085-C,TZA_1_arabiensis_2015
BL0086-C,TZA_1_arabiensis_2015
BL0087-C,TZA_1_arabiensis_2015
BL0088-C,TZA_1_arabiensis_2015
BL0089-C,TZA_1_arabiensis_2015
BL0090-C,TZA_1_arabiensis_2015
BL0091-C,TZA_1_arabiensis_2015
BL0092-C,TZA_1_arabiensis_2015
BL0093-C,TZA_1_arabiensis_2015
BL0094-C,TZA_1_arabiensis_2015
BL0095-C,TZA_1_arabiensis_2015
BL0096-C,TZA_1_arabiensis_2015
BL0097-C,TZA_1_arabiensis_2015
BL0099-C,TZA_1_arabiensis_2015
BL0100-C,TZA_1_gambiae_2015
BL0101-C,TZA_1_gambiae_2015
BL0102-C,TZA_1_gambiae_2015
BL0103-C,TZA_1_gambiae_2015
BL0105-C,TZA_1_gambiae_2015
BL0106-C,TZA_1_gambiae_2015
BL0107-C,TZA_1_gambiae_2015
BL0108-C,TZA_1_gambiae_2015
BL0109-C,TZA_1_gambiae_2015
BL0110-C,TZA_1_gambiae_2015
BL0111-C,TZA_1_gambiae_2015
BL0112-C,TZA_1_gambiae_2015
BL0113-C,TZA_1_arabiensis_2015
BL0114-C,TZA_1_gambiae_2015
BL0115-C,TZA_1_gambiae_2015
BL0116-C,TZA_1_gambiae_2015
BL0117-C,TZA_1_gambiae_2015
BL0118-C,TZA_1_arabiensis_2015
BL0194-C,TZA_1_arabiensis_2015
BL0195-C,TZA_1_arabiensis_2015
BL0196-C,TZA_1_arabiensis_2015
BL0197-C,TZA_1_arabiensis_2015
BL0198-C,TZA_1_arabiensis_2015
BL0199-C,TZA_1_arabiensis_2015
BL0200-C,TZA_1_arabiensis_2015
BL0201-C,TZA_1_arabiensis_2015
BL0202-C,TZA_1_arabiensis_2015
BL0203-C,TZA_1_arabiensis_2015
BL0204-C,TZA_1_arabiensis_2015
BL0205-C,TZA_1_arabiensis_2015
BL0207-C,TZA_1_arabiensis_2015
BL0208-C,TZA_1_arabiensis_2015
BL0209-C,TZA_1_arabiensis_2015
BL0210-C,TZA_1_arabiensis_2015
BL0211-C,TZA_1_arabiensis_2015
BL0212-C,TZA_1_arabiensis_2015
BL0213-C,TZA_1_arabiensis_2015
BL0214-C,TZA_1_arabiensis_2015
BL0215-C,TZA_1_arabiensis_2015
BL0216-C,TZA_1_arabiensis_2015
BL0217-C,TZA_1_arabiensis_2015
BL0218-C,TZA_1_arabiensis_2015
BL0221-C,TZA_1_arabiensis_2015
BL0222-C,TZA_1_arabiensis_2015
BL0223-C,TZA_1_arabiensis_2015
BL0224-C,TZA_1_arabiensis_2015
BL0225-C,TZA_1_arabiensis_2015
BL0226-C,TZA_1_arabiensis_2015
BL0227-C,TZA_1_arabiensis_2015
BL0228-C,TZA_1_arabiensis_2015
BL0229-C,TZA_1_arabiensis_2015
BL0119-C,TZA_1_gambiae_2015
BL0120-C,TZA_1_gambiae_2015
BL0121-C,TZA_1_gambiae_2015
BL0124-C,TZA_1_gambiae_2015
BL0125-C,TZA_1_gambiae_2015
BL0126-C,TZA_1_arabiensis_2015
BL0127-C,TZA_1_arabiensis_2015
BL0128-C,TZA_1_gambiae_2015
BL0129-C,TZA_1_arabiensis_2015
BL0131-C,TZA_1_arabiensis_2015
BL0133-C,TZA_1_arabiensis_2015
BL0135-C,TZA_1_arabiensis_2015
BL0136-C,TZA_1_arabiensis_2015
BL0137-C,TZA_1_gambiae_2015
BL0138-C,TZA_1_gambiae_2015
BL0139-C,TZA_1_arabiensis_2015
BL0140-C,TZA_1_arabiensis_2015
BL0141-C,TZA_1_arabiensis_2015
BL0142-C,TZA_1_gambiae_2015
BL0145-C,TZA_1_arabiensis_2015
BL0146-C,TZA_1_arabiensis_2015
BL0147-C,TZA_1_arabiensis_2015
BL0148-C,TZA_1_arabiensis_2015
BL0149-C,TZA_1_arabiensis_2015
BL0150-C,TZA_1_arabiensis_2015
BL0151-C,TZA_1_arabiensis_2015
BL0152-C,TZA_1_arabiensis_2015
BL0153-C,TZA_1_arabiensis_2015
BL0154-C,TZA_1_arabiensis_2015
BL0155-C,TZA_1_arabiensis_2015
BL0156-C,TZA_1_arabiensis_2015
BL0157-C,TZA_1_arabiensis_2015
BL0158-C,TZA_1_arabiensis_2015
BL0159-C,TZA_1_arabiensis_2015
BL0161-C,TZA_1_arabiensis_2015
BL0163-C,TZA_1_arabiensis_2015
BL0164-C,TZA_1_arabiensis_2015
BL0165-C,TZA_1_arabiensis_2015
BL0166-C,TZA_1_arabiensis_2015
BL0167-C,TZA_1_arabiensis_2015
BL0168-C,TZA_1_arabiensis_2015
BL0169-C,TZA_1_arabiensis_2015
BL0170-C,TZA_1_arabiensis_2015
BL0171-C,TZA_1_arabiensis_2015
BL0172-C,TZA_1_arabiensis_2015
BL0173-C,TZA_1_arabiensis_2015
BL0176-C,TZA_1_arabiensis_2015
BL0177-C,TZA_1_arabiensis_2015
BL0178-C,TZA_1_arabiensis_2015
BL0180-C,TZA_1_arabiensis_2015
BL0182-C,TZA_1_arabiensis_2015
BL0183-C,TZA_1_arabiensis_2015
BL0184-C,TZA_1_arabiensis_2015
BL0185-C,TZA_1_arabiensis_2015
BL0186-C,TZA_1_arabiensis_2015
BL0187-C,TZA_1_arabiensis_2015
BL0189-C,TZA_1_arabiensis_2015
BL0190-C,TZA_1_arabiensis_2015
BL0192-C,TZA_1_arabiensis_2015
BL0193-C,TZA_1_arabiensis_2015
BL0230-C,TZA_1_arabiensis_2015
BL0231-C,TZA_1_arabiensis_2015
BL0232-C,TZA_1_arabiensis_2015
BL0233-C,TZA_1_arabiensis_2015
BL0234-C,TZA_1_arabiensis_2015
BL0235-C,TZA_1_arabiensis_2015
BL0236-C,TZA_1_arabiensis_2015
BL0238-C,TZA_1_arabiensis_2015
BL0239-C,TZA_1_arabiensis_2015
BL0240-C,TZA_1_arabiensis_2015
BL0241-C,TZA_1_arabiensis_2015
BL0242-C,TZA_1_arabiensis_2015
BL0243-C,TZA_1_arabiensis_2015
BL0244-C,TZA_1_arabiensis_2015
BL0246-C,TZA_3_arabiensis_2012
BL0247-C,TZA_3_arabiensis_2012
BL0251-C,TZA_3_arabiensis_2012
BL0252-C,TZA_3_arabiensis_2012
BL0253-C,TZA_3_arabiensis_2012
BL0254-C,TZA_3_arabiensis_2012
BL0255-C,TZA_3_arabiensis_2012
BL0256-C,TZA_3_arabiensis_2012
BL0257-C,TZA_3_arabiensis_2012
BL0258-C,TZA_3_arabiensis_2012
BL0259-C,TZA_3_arabiensis_2012
BL0260-C,TZA_3_arabiensis_2012
BL0261-C,TZA_3_arabiensis_2012
BL0263-C,TZA_3_arabiensis_2012
BL0264-C,TZA_3_arabiensis_2012
BL0266-C,TZA_3_arabiensis_2012
BL0267-C,TZA_3_arabiensis_2012
BL0269-C,TZA_3_arabiensis_2012
BL0271-C,TZA_3_arabiensis_2012
BL0272-C,TZA_3_arabiensis_2012
BL0273-C,TZA_3_arabiensis_2012
BL0275-C,TZA_3_arabiensis_2012
BL0276-C,TZA_3_arabiensis_2012
BL0277-C,TZA_3_arabiensis_2012
BL0278-C,TZA_3_arabiensis_2012
BL0280-C,TZA_3_arabiensis_2012
BL0281-C,TZA_3_arabiensis_2012
BL0282-C,TZA_3_arabiensis_2012
BL0283-C,TZA_3_arabiensis_2012
BL0284-C,TZA_3_arabiensis_2012
BL0285-C,TZA_3_arabiensis_2012
BL0286-C,TZA_3_arabiensis_2012
BL0287-C,TZA_3_arabiensis_2012
BL0288-C,TZA_3_arabiensis_2012
BL0290-C,TZA_3_arabiensis_2012
BL0291-C,TZA_3_arabiensis_2012
BL0292-C,TZA_3_arabiensis_2012
BL0293-C,TZA_3_arabiensis_2012
BL0294-C,TZA_3_arabiensis_2012
BL0250-CW,TZA_3_arabiensis_2012
BL0296-C,TZA_2_arabiensis_2012
BL0297-C,TZA_2_arabiensis_2012
BL0298-C,TZA_2_arabiensis_2012
BL0299-C,TZA_2_arabiensis_2012
BL0300-C,TZA_2_arabiensis_2012
BL0301-C,TZA_2_arabiensis_2012
BL0302-C,TZA_2_arabiensis_2012
BL0303-C,TZA_2_arabiensis_2012
BL0304-C,TZA_2_arabiensis_2012
BL0305-C,TZA_2_arabiensis_2012
BL0306-C,TZA_2_arabiensis_2012
BL0307-C,TZA_2_arabiensis_2012
BL0308-C,TZA_2_arabiensis_2012
BL0309-C,TZA_2_arabiensis_2012
BL0310-C,TZA_2_arabiensis_2012
BL0311-C,TZA_2_arabiensis_2012
BL0312-C,TZA_2_arabiensis_2012
BL0313-C,TZA_2_arabiensis_2012
BL0314-C,TZA_2_arabiensis_2012
BL0315-C,TZA_2_arabiensis_2012
BL0316-C,TZA_2_arabiensis_2012
BL0317-C,TZA_2_arabiensis_2012
BL0318-C,TZA_2_arabiensis_2012
BL0319-C,TZA_2_arabiensis_2012
BL0320-C,TZA_2_arabiensis_2012
BL0321-C,TZA_2_arabiensis_2012
BL0322-C,TZA_2_arabiensis_2012
BL0323-C,TZA_2_arabiensis_2012
BL0324-C,TZA_2_arabiensis_2012
BL0325-C,TZA_2_arabiensis_2012
BL0326-C,TZA_2_arabiensis_2012
BL0327-C,TZA_2_arabiensis_2012
BL0328-C,TZA_2_arabiensis_2012
BL0332-C,TZA_2_arabiensis_2012
BL0333-C,TZA_2_arabiensis_2012
BL0334-C,TZA_2_arabiensis_2012
BL0335-C,TZA_2_arabiensis_2012
BL0336-C,TZA_2_arabiensis_2012
BL0337-C,TZA_2_arabiensis_2012
BL0338-C,TZA_2_arabiensis_2012
BL0339-C,TZA_2_arabiensis_2012
BL0340-C,TZA_2_arabiensis_2012
BL0341-C,TZA_2_arabiensis_2012
BL0342-C,TZA_2_arabiensis_2012
BL0343-C,TZA_2_arabiensis_2012
BL0344-C,TZA_2_arabiensis_2012
BL0345-C,TZA_2_arabiensis_2012
BL0346-C,TZA_4_gambiae_2013
BL0347-C,TZA_4_gambiae_2013
BL0348-C,TZA_4_gambiae_2013
BL0350-C,TZA_4_gambiae_2013
BL0351-C,TZA_4_gambiae_2013
BL0352-C,TZA_4_intermediate_2013
BL0353-C,TZA_4_gambiae_2013
BL0354-C,TZA_4_gambiae_2013
BL0356-C,TZA_4_gambiae_2013
BL0357-C,TZA_4_intermediate_2013
BL0358-C,TZA_4_intermediate_2013
BL0359-C,TZA_4_gambiae_2013
BL0360-C,TZA_4_intermediate_2013
BL0361-C,TZA_4_gambiae_2013
BL0362-C,TZA_4_gambiae_2013
BL0363-C,TZA_4_gambiae_2013
BL0365-C,TZA_4_intermediate_2013
BL0366-C,TZA_4_intermediate_2013
BL0367-C,TZA_4_intermediate_2013
BL0368-C,TZA_4_gambiae_2013
BL0370-C,TZA_4_intermediate_2013
BL0371-C,TZA_4_gambiae_2013
BL0372-C,TZA_4_gambiae_2013
BL0373-C,
BL0375-C,TZA_4_gambiae_2013
BL0376-C,TZA_4_gambiae_2013
BL0377-C,TZA_4_gambiae_2013
BL0378-C,TZA_4_gambiae_2013
BL0379-C,TZA_4_gambiae_2013
BL0380-C,TZA_4_gambiae_2013
BL0381-C,TZA_4_gambiae_2013
BL0382-C,TZA_4_gambiae_2013
BL0383-C,TZA_4_gambiae_2013
BL0384-C,TZA_4_intermediate_2013
BL0385-C,TZA_4_gambiae_2013
BL0386-C,TZA_4_gambiae_2013
BL0387-C,TZA_4_gambiae_2013
BL0388-C,TZA_4_gambiae_2013
BL0389-C,TZA_4_gambiae_2013
BL0391-C,TZA_4_gambiae_2013
BL0392-C,TZA_4_gambiae_2013
BL0393-C,TZA_4_gambiae_2013
BL0394-C,TZA_4_intermediate_2013
AC0007-C,UGA_2_arabiensis_2012
AC0008-C,UGA_2_arabiensis_2012
AC0009-Cx,UGA_2_arabiensis_2012
AC0010-C,UGA_2_arabiensis_2012
AC0011-C,UGA_2_arabiensis_2012
AC0012-Cx,UGA_2_arabiensis_2012
AC0013-Cx,UGA_2_arabiensis_2012
AC0014-C,UGA_2_arabiensis_2012
AC0015-C,UGA_2_arabiensis_2012
AC0016-C,UGA_2_arabiensis_2012
AC0017-C,UGA_2_arabiensis_2012
AC0018-Cx,UGA_2_arabiensis_2012
AC0019-C,UGA_2_arabiensis_2012
AC0021-C,UGA_2_arabiensis_2012
AC0022-C,UGA_2_arabiensis_2012
AC0023-C,UGA_2_arabiensis_2012
AC0024-Cx,UGA_2_arabiensis_2012
AC0025-C,UGA_2_arabiensis_2012
AC0026-C,UGA_2_arabiensis_2012
AC0027-C,UGA_2_arabiensis_2012
AC0028-C,UGA_2_arabiensis_2012
AC0029-C,UGA_2_arabiensis_2012
AC0030-C,UGA_2_arabiensis_2012
AC0031-Cx,UGA_2_arabiensis_2012
AC0032-C,UGA_2_arabiensis_2012
AC0033-Cx,UGA_2_arabiensis_2012
AC0034-C,UGA_2_arabiensis_2012
AC0035-C,UGA_2_arabiensis_2012
AC0036-C,UGA_2_arabiensis_2012
AC0037-C,UGA_2_arabiensis_2012
AC0038-Cx,UGA_2_arabiensis_2012
AC0039-C,UGA_2_arabiensis_2012
AC0040-C,UGA_2_arabiensis_2012
AC0041-Cx,UGA_2_arabiensis_2012
AC0042-C,UGA_2_arabiensis_2012
AC0043-C,UGA_2_arabiensis_2012
AC0044-Cx,UGA_2_arabiensis_2012
AC0045-C,UGA_2_arabiensis_2012
AC0046-C,UGA_2_arabiensis_2012
AC0047-C,UGA_2_arabiensis_2012
AC0048-Cx,UGA_2_arabiensis_2012
AC0049-C,UGA_2_arabiensis_2012
AC0050-Cx,UGA_2_arabiensis_2012
AC0051-C,UGA_2_arabiensis_2012
AC0052-Cx,UGA_2_arabiensis_2012
AC0053-C,UGA_2_arabiensis_2012
AC0054-C,UGA_2_arabiensis_2012
AC0055-C,UGA_2_arabiensis_2012
AC0056-C,UGA_2_arabiensis_2012
AC0057-C,UGA_2_arabiensis_2012
AC0058-C,UGA_2_arabiensis_2012
AC0059-C,UGA_2_arabiensis_2012
AC0060-C,UGA_2_arabiensis_2012
AC0061-C,UGA_2_arabiensis_2012
AC0062-C,UGA_2_arabiensis_2012
AC0063-C,UGA_2_arabiensis_2012
AC0064-C,UGA_2_arabiensis_2012
AC0065-C,UGA_2_arabiensis_2012
AC0066-C,UGA_2_arabiensis_2012
AC0067-Cx,UGA_2_arabiensis_2012
AC0068-C,UGA_2_arabiensis_2012
AC0069-C,UGA_2_arabiensis_2012
AC0070-C,UGA_2_arabiensis_2012
AC0071-C,UGA_2_arabiensis_2012
AC0072-C,UGA_2_arabiensis_2012
AC0073-C,UGA_2_arabiensis_2012
AC0074-C,UGA_2_arabiensis_2012
AC0075-C,UGA_2_arabiensis_2012
AC0076-C,UGA_2_arabiensis_2012
AC0077-C,UGA_2_arabiensis_2012
AC0078-C,UGA_2_arabiensis_2012
AC0079-C,UGA_2_arabiensis_2012
AC0080-Cx,UGA_2_arabiensis_2012
AC0081-C,UGA_2_arabiensis_2012
AC0082-C,UGA_2_arabiensis_2012
AC0083-C,UGA_2_arabiensis_2012
AC0084-C,UGA_2_arabiensis_2012
AC0085-C,UGA_2_arabiensis_2012
AC0086-C,UGA_2_arabiensis_2012
AC0087-Cx,UGA_2_arabiensis_2012
AC0088-C,UGA_2_arabiensis_2012
AC0089-Cx,UGA_2_gambiae_2012
AC0090-C,UGA_2_gambiae_2012
AC0091-Cx,UGA_2_gambiae_2012
AC0092-C,UGA_2_gambiae_2012
AC0093-C,UGA_2_gambiae_2012
AC0094-C,UGA_2_gambiae_2012
AC0095-C,UGA_2_gambiae_2012
AC0096-Cx,UGA_2_gambiae_2012
AC0097-C,UGA_2_gambiae_2012
AC0098-C,UGA_2_gambiae_2012
AC0099-C,UGA_2_gambiae_2012
AC0100-C,UGA_2_gambiae_2012
AC0101-C,UGA_2_gambiae_2012
AC0102-Cx,UGA_2_gambiae_2012
AC0103-Cx,UGA_2_gambiae_2012
AC0104-Cx,UGA_2_gambiae_2012
AC0105-C,UGA_2_gambiae_2012
AC0106-C,UGA_2_gambiae_2012
AC0107-C,UGA_2_gambiae_2012
AC0108-C,UGA_2_gambiae_2012
AC0109-C,UGA_2_gambiae_2012
AC0110-Cx,UGA_2_gambiae_2012
AC0111-Cx,UGA_2_gambiae_2012
AC0112-C,UGA_2_gambiae_2012
AC0113-Cx,UGA_2_gambiae_2012
AC0114-C,UGA_2_gambiae_2012
AC0115-C,UGA_2_gambiae_2012
AC0116-C,UGA_2_gambiae_2012
AC0117-Cx,UGA_2_gambiae_2012
AC0118-C,UGA_2_gambiae_2012
AC0119-C,UGA_2_gambiae_2012
AC0120-C,UGA_2_gambiae_2012
AC0121-C,UGA_2_gambiae_2012
AC0122-C,UGA_2_gambiae_2012
AC0123-C,UGA_2_gambiae_2012
AC0124-C,UGA_2_gambiae_2012
AC0125-C,UGA_2_gambiae_2012
AC0126-Cx,UGA_2_gambiae_2012
AC0127-C,UGA_2_gambiae_2012
AC0128-Cx,UGA_2_gambiae_2012
AC0129-C,UGA_2_gambiae_2012
AC0130-C,UGA_2_gambiae_2012
AC0131-C,UGA_2_gambiae_2012
AC0132-C,UGA_2_gambiae_2012
AC0133-C,UGA_2_gambiae_2012
AC0134-Cx,UGA_2_gambiae_2012
AC0135-C,UGA_2_gambiae_2012
AC0136-C,UGA_2_gambiae_2012
AC0137-C,UGA_2_gambiae_2012
AC0138-Cx,UGA_2_gambiae_2012
AC0139-C,UGA_2_gambiae_2012
AC0140-C,UGA_2_gambiae_2012
AC0141-C,UGA_2_gambiae_2012
AC0142-C,UGA_2_gambiae_2012
AC0143-C,UGA_2_gambiae_2012
AC0144-Cx,UGA_2_gambiae_2012
AC0145-Cx,UGA_2_gambiae_2012
AC0146-C,UGA_2_gambiae_2012
AC0147-Cx,UGA_2_gambiae_2012
AC0148-C,UGA_2_gambiae_2012
AC0149-Cx,UGA_2_gambiae_2012
AC0150-C,UGA_2_gambiae_2012
AC0151-C,UGA_2_gambiae_2012
AC0152-C,UGA_2_gambiae_2012
AC0153-C,UGA_2_gambiae_2012
AC0154-C,UGA_2_gambiae_2012
AC0155-C,UGA_2_gambiae_2012
AC0156-C,UGA_2_gambiae_2012
AC0157-C,UGA_2_gambiae_2012
AC0158-C,UGA_2_gambiae_2012
AC0159-C,UGA_2_gambiae_2012
AC0160-C,UGA_2_gambiae_2012
AC0161-C,UGA_2_gambiae_2012
AC0162-Cx,UGA_2_gambiae_2012
AC0163-C,UGA_2_gambiae_2012
AC0164-C,UGA_2_gambiae_2012
AC0166-C,UGA_2_gambiae_2012
AC0167-C,UGA_2_gambiae_2012
AC0168-Cx,UGA_2_gambiae_2012
AC0169-C,UGA_2_gambiae_2012
AC0170-C,UGA_2_gambiae_2012
AC0171-C,UGA_2_gambiae_2012
AC0172-C,UGA_2_gambiae_2012
AC0173-C,UGA_2_gambiae_2012
AC0174-Cx,UGA_2_gambiae_2012
AC0176-Cx,UGA_2_gambiae_2012
AC0177-C,UGA_2_gambiae_2012
AC0178-C,UGA_2_gambiae_2012
AC0179-C,UGA_2_gambiae_2012
AC0180-C,UGA_2_gambiae_2012
AC0181-C,UGA_2_gambiae_2012
AC0182-C,UGA_2_gambiae_2012
AC0183-C,UGA_2_gambiae_2012
AC0184-C,UGA_2_gambiae_2012
AC0185-C,UGA_2_gambiae_2012
AC0186-C,UGA_2_gambiae_2012
AC0187-C,UGA_2_gambiae_2012
AC0188-C,UGA_2_gambiae_2012
AC0189-C,UGA_2_gambiae_2012
AC0190-C,UGA_2_gambiae_2012
AC0191-C,UGA_2_gambiae_2012
AC0192-C,UGA_2_gambiae_2012
AC0193-C,UGA_2_gambiae_2012
AC0194-C,UGA_2_gambiae_2012
AC0195-C,UGA_2_gambiae_2012
AC0196-C,UGA_2_gambiae_2012
AC0197-Cx,UGA_2_gambiae_2012
AC0198-C,
AC0199-C,UGA_2_gambiae_2012
AC0200-C,UGA_2_gambiae_2012
AC0201-Cx,UGA_2_gambiae_2012
AC0202-Cx,UGA_2_gambiae_2012
AC0203-C,UGA_2_gambiae_2012
AC0204-C,UGA_1_gambiae_2012
AC0205-C,
AC0206-C,UGA_1_gambiae_2012
AC0207-C,UGA_1_gambiae_2012
AC0208-C,UGA_1_gambiae_2012
AC0209-C,UGA_1_gambiae_2012
AC0210-C,UGA_1_gambiae_2012
AC0211-C,UGA_1_gambiae_2012
AC0212-C,UGA_1_gambiae_2012
AC0213-C,UGA_1_gambiae_2012
AC0214-C,UGA_1_gambiae_2012
AC0215-C,UGA_1_gambiae_2012
AC0216-C,UGA_1_gambiae_2012
AC0217-C,UGA_1_gambiae_2012
AC0218-C,UGA_1_gambiae_2012
AC0219-C,UGA_1_gambiae_2012
AC0220-C,UGA_1_gambiae_2012
AC0221-C,UGA_1_gambiae_2012
AC0222-C,UGA_1_gambiae_2012
AC0223-C,UGA_1_gambiae_2012
AC0224-C,UGA_1_gambiae_2012
AC0225-C,UGA_1_gambiae_2012
AC0226-C,UGA_1_gambiae_2012
AC0227-C,UGA_1_gambiae_2012
AC0228-C,UGA_1_gambiae_2012
AC0229-C,UGA_1_gambiae_2012
AC0230-C,UGA_1_gambiae_2012
AC0231-C,UGA_1_gambiae_2012
AC0232-C,UGA_1_gambiae_2012
AC0233-C,UGA_1_gambiae_2012
AC0234-C,UGA_1_gambiae_2012
AC0235-C,UGA_1_gambiae_2012
AC0236-C,UGA_1_gambiae_2012
AC0237-C,UGA_1_gambiae_2012
AC0238-C,UGA_1_gambiae_2012
AC0239-C,UGA_1_gambiae_2012
AC0240-C,UGA_1_gambiae_2012
AC0241-C,UGA_1_gambiae_2012
AC0242-C,UGA_1_gambiae_2012
AC0243-C,UGA_1_gambiae_2012
AC0244-C,UGA_1_gambiae_2012
AC0245-C,UGA_1_gambiae_2012
AC0246-C,UGA_1_gambiae_2012
AC0247-C,UGA_1_gambiae_2012
AC0248-C,UGA_1_gambiae_2012
AC0249-C,UGA_1_gambiae_2012
AC0250-C,UGA_1_gambiae_2012
AC0251-C,UGA_1_gambiae_2012
AC0252-C,UGA_1_gambiae_2012
AC0253-C,UGA_1_gambiae_2012
AC0254-C,UGA_1_gambiae_2012
AC0255-C,UGA_1_gambiae_2012
AC0256-C,UGA_1_gambiae_2012
AC0257-C,UGA_1_gambiae_2012
AC0258-C,UGA_1_gambiae_2012
AC0259-C,UGA_1_gambiae_2012
AC0260-C,UGA_1_gambiae_2012
AC0261-C,UGA_1_gambiae_2012
AC0262-C,UGA_1_gambiae_2012
AC0263-C,UGA_1_gambiae_2012
AC0264-C,UGA_1_gambiae_2012
AC0265-C,UGA_1_gambiae_2012
AC0266-C,UGA_1_gambiae_2012
AC0267-C,UGA_1_gambiae_2012
AC0268-C,UGA_1_gambiae_2012
AC0269-C,UGA_1_gambiae_2012
AC0270-C,UGA_1_gambiae_2012
AC0271-C,UGA_1_gambiae_2012
AC0272-C,UGA_1_gambiae_2012
AC0273-C,UGA_1_gambiae_2012
AC0274-C,UGA_1_gambiae_2012
AC0275-C,UGA_1_gambiae_2012
AC0276-C,UGA_1_gambiae_2012
AC0277-C,UGA_1_gambiae_2012
AC0278-C,UGA_1_gambiae_2012
AC0279-C,UGA_1_gambiae_2012
AC0280-C,UGA_1_gambiae_2012
AC0281-C,UGA_1_gambiae_2012
AC0282-C,UGA_1_gambiae_2012
AC0283-C,UGA_1_gambiae_2012
AC0284-C,UGA_1_gambiae_2012
AC0285-C,UGA_1_gambiae_2012
AC0286-C,UGA_1_gambiae_2012
AC0287-C,UGA_1_gambiae_2012
AC0288-C,UGA_1_gambiae_2012
AC0289-C,UGA_1_gambiae_2012
AC0290-C,UGA_1_gambiae_2012
AC0291-C,UGA_1_gambiae_2012
AC0292-C,UGA_1_gambiae_2012
AC0293-C,UGA_1_gambiae_2012
AC0294-C,UGA_1_gambiae_2012
AC0295-C,UGA_1_gambiae_2012
AC0296-C,UGA_1_gambiae_2012
AC0297-C,UGA_1_gambiae_2012
AC0298-C,UGA_1_gambiae_2012
AC0299-C,UGA_1_gambiae_2012
